﻿<grammar version="1.0" xml:lang="fr-FR" mode="voice" root="ruleXBMC" xmlns="http://www.w3.org/2001/06/grammar" tag-format="semantics/1.0">

	<rule id="ruleXBMC" scope="public">
		<tag>out.action=new Object(); </tag>
		<item >Sarah</item>
		
		<one-of>
			<item><ruleref uri="#ruleXBMC_playlist"/><tag>out.action = rules.ruleXBMC_playlist;</tag><tag>out.action._attributes.tts = "Je m'en occupe"</tag><tag>out.action._attributes.uri="http://127.0.0.1:8080/sarah/xbmc";</tag></item>
			<item><ruleref uri="#ruleXBMC_File_playlist_music"/><tag>out.action = rules.ruleXBMC_File_playlist_music;</tag><tag>out.action._attributes.tts = "Je m'en occupe"</tag><tag>out.action._attributes.uri="http://127.0.0.1:8080/sarah/xbmc";</tag></item>
			<item><ruleref uri="#ruleXBMC_File_playlist_video"/><tag>out.action = rules.ruleXBMC_File_playlist_video;</tag><tag>out.action._attributes.tts = "Je m'en occupe"</tag><tag>out.action._attributes.uri="http://127.0.0.1:8080/sarah/xbmc";</tag></item>
			<item><ruleref uri="#ruleXBMC_search"/><tag>out.action = rules.ruleXBMC_search;</tag><tag>out.action._attributes.tts = "Je m'en occupe"</tag><tag>out.action._attributes.uri="http://127.0.0.1:8080/sarah/xbmc";</tag></item>
			<item><ruleref uri="#ruleXBMC_Artist"/><tag>out.action = rules.ruleXBMC_Artist;</tag><tag>out.action._attributes.tts = "Je m'en occupe"</tag><tag>out.action._attributes.uri="http://127.0.0.1:8080/sarah/xbmc";</tag></item>
			<item><ruleref uri="#ruleXBMC_Telecommande"/><tag>out.action = rules.ruleXBMC_Telecommande</tag><tag>out.action._attributes.tts = "Je m'en occupe"</tag><tag>out.action._attributes.uri="http://127.0.0.1:8080/sarah/xbmc";</tag></item>
			<item><ruleref uri="#ruleXBMC_Serie"/><tag>out.action = rules.ruleXBMC_Serie;</tag><tag>out.action._attributes.tts = "Je m'en occupe"</tag><tag>out.action._attributes.uri="http://127.0.0.1:8080/sarah/xbmc";</tag></item>
			<item><ruleref uri="#ruleXBMC_Radio"/><tag>out.action = rules.ruleXBMC_Radio;</tag><tag>out.action._attributes.tts = "Je mets la radio"</tag><tag>out.action._attributes.uri="http://127.0.0.1:8080/sarah/xbmc";</tag></item>
			<item><ruleref uri="#ruleXBMC_Tv"/><tag>out.action = rules.ruleXBMC_Tv;</tag><tag>out.action._attributes.tts = "Je mets la tele"</tag><tag>out.action._attributes.uri="http://127.0.0.1:8080/sarah/xbmc";</tag></item>
			<item><ruleref uri="#ruleXBMC_Film"/><tag>out.action = rules.ruleXBMC_Film;</tag><tag>out.action._attributes.uri="http://127.0.0.1:8080/sarah/xbmc";</tag></item>
			<item>active le mode xbmc<tag>out.action._attributes.context = "lazyxbmc.xml,lazyxbmc_temp.xml"</tag><tag>out.action._attributes.tts = "Mode XBMC activé, que veux tu?"</tag></item>
		</one-of>
	</rule>  
  
	<rule id="ruleXBMC_Telecommande" scope="public">
		<example>SARAH musique suivante</example>
		<tag>out.action=new Object(); </tag>
		<one-of>
			<item>musique suivante<tag>out.action.action="next"</tag><tag>out.action.xbmc="music" </tag></item>
			<item>musique précédente<tag>out.action.action="prev"</tag><tag>out.action.xbmc="music" </tag></item>
			<item>met en pause la musique<tag>out.action.action="play"</tag><tag>out.action.xbmc="music" </tag></item>
			<item>musique en pause<tag>out.action.action="play"</tag><tag>out.action.xbmc="music" </tag></item>
			<item>arrête la musique <tag>out.action.action="ExecuteAction";out.action.value="stop";</tag><tag>out.action.xbmc="music" </tag></item>
			<item>arrête le film <tag>out.action.action="ExecuteAction";out.action.value="stop";</tag><tag>out.action.xbmc="video" </tag></item>
			<item>met la musique sur pause<tag>out.action.action="play"</tag><tag>out.action.xbmc="music" </tag></item>
			<item>reprends la musique<tag>out.action.action="play"</tag><tag>out.action.xbmc="music" </tag></item>
			<item>met en pause la série<tag>out.action.action="playvideo"</tag><tag>out.action.xbmc="video" </tag></item>
			<item>remet la série<tag>out.action.action="playvideo"</tag><tag>out.action.xbmc="video" </tag></item>
			<item>c'est quoi cette musique<tag>out.action.action="whatIsPlaying"</tag><tag>out.action.xbmc="music" </tag></item>
			<item>c'est quoi cette vidéo<tag>out.action.action="whatIsPlaying"</tag><tag>out.action.xbmc="video" </tag></item>
			<item>ferme l'application xbmc vidéo<tag>out.action.action="quitxbmc"</tag><tag>out.action.xbmc="video" </tag></item>
			<item>ferme l'application xbmc musique<tag>out.action.action="quitxbmc"</tag><tag>out.action.xbmc="music" </tag></item>
			<item>power off xbmc vidéo<tag>out.action.action="shutdownxbmc"</tag><tag>out.action.xbmc="video" </tag></item>
			<item>power off xbmc musique<tag>out.action.action="shutdownxbmc"</tag><tag>out.action.xbmc="music" </tag></item>
			<item>mise à jour de la librairie vidéo<tag>out.action.action="videolibraryscan"</tag><tag>out.action.xbmc="video" </tag></item>
			<item>mise à jour de la librairie musicale<tag>out.action.action="audiolibraryscan"</tag><tag>out.action.xbmc="music" </tag></item>
			<item>affiche les paroles de la chanson<tag>out.action.action="ExecuteAddon";out.action.parameters="script.cu.lrclyrics";out.action.value=1;</tag><tag>out.action.xbmc="music" </tag></item>
			<item>affiche mes playlistes de musique<tag>out.action.xbmc="music";out.action.action="ActivateWindow";out.action.window="music";out.action.parameters="special://profile/playlists/music/";</tag></item>
		</one-of>
	</rule>  
  
	<rule id="ruleXBMC_Radio" scope="public">
		<example>SARAH je veux écouter la radio Fréquence 3</example>
		<tag>out.action=new Object();</tag>
		<tag>out.action.xbmc="music";</tag>
		<one-of>
			<item>je veux écouter la radio <tag>out.action.action="radio";</tag></item>
		</one-of>
		<one-of>
		  <!-- l'ID de la radio peut être trouvé en tapant "http://radio.fr/info/index/searchembeddedbroadcast?start=0&rows=10&q=Nom Radio" dans un navigateur -->
			<item>RTL2<tag>out.action.radioid="5170"</tag></item>
			<item>Virgin Radio<tag>out.action.radioid="8275"</tag></item>
			<item>Fun Radio<tag>out.action.radioid="4368"</tag></item>
			<item>RFM<tag>out.action.radioid="2993"</tag></item>
			<item>Europe 1<tag>out.action.radioid="2865"</tag></item>
			<item>ère Thé eLle<tag>out.action.radioid="5168"</tag></item>
			<item>éNeRgie<tag>out.action.radioid="8280"</tag></item>
			<item>RMC Info<tag>out.action.radioid="1935"</tag></item>
			<item>France Inter<tag>out.action.radioid="2843"</tag></item>
			<item>France Info<tag>out.action.radioid="4232"</tag></item>
			<item>FIP<tag>out.action.radioid="4234"</tag></item>
			<item>Chérie FM<tag>out.action.radioid="8315"</tag></item>
			<item>BFM<tag>out.action.radioid="1441"</tag></item>
			<item>Skyrock<tag>out.action.radioid="8302"</tag></item>
			<item>F G<tag>out.action.radioid="1577"</tag></item>
			<item>Radio Classique<tag>out.action.radioid="1838"</tag></item>
			<item>MFM<tag>out.action.radioid="1738"</tag></item>
			<item>Beur FM<tag>out.action.radioid="4403"</tag></item>
			<item>OUI FM<tag>out.action.radioid="4477"</tag></item>
			<item>ADO FM<tag>out.action.radioid="4394"</tag></item>
			<item>France Culture<tag>out.action.radioid="4233"</tag></item>
			<item>Alouette<tag>out.action.radioid="1416"</tag></item>
			<item>HOT MIX RADIO<tag>out.action.radioid="1632"</tag></item>
			<item>Couleur 3<tag>out.action.radioid="1489"</tag></item>
			<item>NRJ Hits<tag>out.action.radioid="12372"</tag></item>
			<item>éRe Thé eSse<tag>out.action.radioid="3123"</tag></item>
			<item>Fréquence 3<tag>out.action.radioid="1588"</tag></item>
			<item>Pulsse Radio<tag>out.action.radioid="1813"</tag></item>
		</one-of>
	</rule>  
  
  	<rule id="ruleXBMC_Tv" scope="public">
		<example>SARAH je veux regarder la chaine M6</example>
		<tag>out.action=new Object();</tag>
		<tag>out.action.xbmc="video";</tag>
		<one-of>
			<item>je veux regarder la chaine <tag>out.action.action="tv";</tag></item>
			<item>affiche la chaine <tag>out.action.action="tv";</tag></item>
		</one-of>
		<one-of>
			<!-- Personalisation Channel ¤PERSOchannel¤ -->
			<!-- ¤PERSOchannel¤ FIN Personalisation Channel -->
			<!-- Automatic Generation Channel ¤IMPORTchannel¤ -->
            <item>CHAINE NON DEFINI<tag>out.action._attributes.tts ="Aucune importation XML effectuée"</tag></item>
            <!-- ¤IMPORTchannel¤ Automatic Generation Channel -->
		</one-of>
	</rule>  
  
  	<rule id="ruleXBMC_Film" scope="public">
	<example>SARAH je veux regarder le film XXXX</example>
	<tag>out.action=new Object();</tag>
	<tag>out.action.xbmc="video";</tag>
	<one-of>
	<item>Qu'est ce que j'ai comme film à voir?<tag>out.action.action="filmavoir";</tag></item>
	<item>
		<one-of>
			<item>je veux regarder le film <tag>out.action.action="film";out.action.resume=0;out.action._attributes.tts = "Je mets le film";</tag></item>
			<item>je veux regarder la suite du film <tag>out.action.action="film";out.action.resume=1;out.action._attributes.tts = "Je mets le film";</tag></item>
		</one-of>
		<one-of>
			<!-- Personalisation Film ¤PERSOfilm¤ -->
			<!-- ¤PERSOfilm¤ FIN Personalisation Film -->
			<!-- Automatic Generation Film ¤IMPORTfilm¤ -->
            <item>FILM NON DEFINI<tag>out.action._attributes.tts ="Aucune importation XML effectuée"</tag></item>
            <!-- ¤IMPORTfilm¤ Automatic Generation Channel -->
		</one-of>
	</item>
	</one-of>
	</rule>  

	<rule id="ruleXBMC_playlist" scope="public">
		<example>SARAH joue de la musique Rock</example>
		<tag>out.action=new Object(); </tag>
		<tag>out.action.xbmc="music" </tag>
		<one-of>
			<item>met de la musique <tag>out.action.action="playlist"; </tag></item>
			<item>joue de la musique <tag>out.action.action="playlist"; </tag></item>
		</one-of>
		<one-of>
			<!-- Personalisation Genre ¤PERSOgenre¤ -->
			<!-- ¤PERSOgenre¤ FIN Personalisation Genre -->
			<!-- Automatic Generation Genre ¤IMPORTgenre¤ -->
            <item>GENRE NON DEFINI<tag>out.action._attributes.tts ="Aucune importation XML effectuée"</tag></item>
            <!-- ¤IMPORTgenre¤ Automatic Generation Genre -->
		</one-of>
	</rule>

		<rule id="ruleXBMC_File_playlist_music" scope="public">
		<example>SARAH joue ma playliste _MaPlayList_</example>
		<tag>out.action=new Object();</tag>
		<tag>out.action.xbmc="music";</tag>
		<one-of>
			<item>je veux écouter ma playliste <tag>out.action.action="playlistmusic";</tag></item>
			<item>joue ma playliste <tag>out.action.action="playlistmusic";</tag></item>
		</one-of>
		<one-of>
			<!-- Personalisation Channel ¤PERSOplaylistmusic¤ -->
			<!-- ¤PERSOplaylistmusic¤ FIN Personalisation Channel -->
			<!-- Automatic Generation Channel ¤IMPORTplaylistmusic¤ -->
            <item>ACDC<tag>out.action.playlistfile = encodeURIComponent("special://profile/playlists/music/ACDC.m3u")</tag></item>
            <item>cool<tag>out.action.playlistfile = encodeURIComponent("special://profile/playlists/music/cool.m3u")</tag></item>
            <item>rock<tag>out.action.playlistfile = encodeURIComponent("special://profile/playlists/music/rock.xsp")</tag></item>
            <item>test3<tag>out.action.playlistfile = encodeURIComponent("special://profile/playlists/music/test3.m3u")</tag></item>
            <item>trst2<tag>out.action.playlistfile = encodeURIComponent("special://profile/playlists/music/trst2.xsp")</tag></item>
            <!-- ¤IMPORTplaylistmusic¤ Automatic Generation Channel -->
		</one-of>
	</rule>  

	<rule id="ruleXBMC_File_playlist_video" scope="public">
		<example>SARAH affiche ma playliste _MaPlayList_</example>
		<tag>out.action=new Object();</tag>
		<tag>out.action.xbmc="video";</tag>
		<one-of>
			<item>affiche ma playliste <tag>out.action.action="playlistvideo";</tag></item>
		</one-of>
		<one-of>
			<!-- Personalisation Channel ¤PERSOplaylistvideo¤ -->
			<!-- ¤PERSOplaylistvideo¤ FIN Personalisation Channel -->
			<!-- Automatic Generation Channel ¤IMPORTplaylistvideo¤ -->
            <item>Test_Enfants<tag>out.action.playlistfile = encodeURIComponent("special://profile/playlists/video/Test_Enfants.xsp")</tag></item>
            <!-- ¤IMPORTplaylistvideo¤ Automatic Generation Channel -->
		</one-of>
	</rule>  
	
	<rule id="ruleXBMC_Artist" scope="public">
		<example>SARAH je veux écouter ACDC</example>
		<tag>out.action=new Object();</tag>
		<tag>out.action.xbmc="music" </tag>
		<item>je veux écouter<tag>out.action.action="artist";</tag></item>
		<one-of>
			<!-- Personalisation Artiste ¤PERSOartiste¤ -->
            <!-- ¤PERSOartiste¤ Fin de Personalisation Artiste -->
			<!-- Automatic Generation Artist ¤IMPORTartiste¤ -->
            <item>Artistes divers<tag>out.action.artist = encodeURIComponent("Artistes divers")</tag></item>
            <item>Amy Winehouse<tag>out.action.artist = encodeURIComponent("Amy Winehouse")</tag></item>
            <item>4 Non Blondes<tag>out.action.artist = encodeURIComponent("4 Non Blondes")</tag></item>
            <item>AC/DC<tag>out.action.artist = encodeURIComponent("AC/DC")</tag></item>
            <item>Alain Bashung<tag>out.action.artist = encodeURIComponent("Alain Bashung")</tag></item>
            <item>Alain Souchon<tag>out.action.artist = encodeURIComponent("Alain Souchon")</tag></item>
            <item>Alanis Morissette<tag>out.action.artist = encodeURIComponent("Alanis Morissette")</tag></item>
            <item>Alannah Myles<tag>out.action.artist = encodeURIComponent("Alannah Myles")</tag></item>
            <item>Alicia Keys<tag>out.action.artist = encodeURIComponent("Alicia Keys")</tag></item>
            <item>Amanda Marshall<tag>out.action.artist = encodeURIComponent("Amanda Marshall")</tag></item>
            <item>Amy Mac Donald<tag>out.action.artist = encodeURIComponent("Amy Mac Donald")</tag></item>
            <item>Anastacia<tag>out.action.artist = encodeURIComponent("Anastacia")</tag></item>
            <item>Avril Lavigne<tag>out.action.artist = encodeURIComponent("Avril Lavigne")</tag></item>
            <item>Axelle Red<tag>out.action.artist = encodeURIComponent("Axelle Red")</tag></item>
            <item>Babyshambles<tag>out.action.artist = encodeURIComponent("Babyshambles")</tag></item>
            <item>Bananarama<tag>out.action.artist = encodeURIComponent("Bananarama")</tag></item>
            <item>Barry White<tag>out.action.artist = encodeURIComponent("Barry White")</tag></item>
            <item>The Bee Gees<tag>out.action.artist = encodeURIComponent("The Bee Gees")</tag></item>
            <item>Ben Harper<tag>out.action.artist = encodeURIComponent("Ben Harper")</tag></item>
            <item>Bénabar<tag>out.action.artist = encodeURIComponent("Bénabar")</tag></item>
            <item>Björk<tag>out.action.artist = encodeURIComponent("Björk")</tag></item>
            <item>Blondie<tag>out.action.artist = encodeURIComponent("Blondie")</tag></item>
            <item>Bob Marley<tag>out.action.artist = encodeURIComponent("Bob Marley")</tag></item>
            <item>Bon Jovi<tag>out.action.artist = encodeURIComponent("Bon Jovi")</tag></item>
            <item>Boney M<tag>out.action.artist = encodeURIComponent("Boney M")</tag></item>
            <item>Bonnie Tyler<tag>out.action.artist = encodeURIComponent("Bonnie Tyler")</tag></item>
            <item>Bruce Springsteen<tag>out.action.artist = encodeURIComponent("Bruce Springsteen")</tag></item>
            <item>Cali<tag>out.action.artist = encodeURIComponent("Cali")</tag></item>
            <item>Calogero<tag>out.action.artist = encodeURIComponent("Calogero")</tag></item>
            <item>Calvin Russell<tag>out.action.artist = encodeURIComponent("Calvin Russell")</tag></item>
            <item>Camille<tag>out.action.artist = encodeURIComponent("Camille")</tag></item>
            <item>Carla Bruni<tag>out.action.artist = encodeURIComponent("Carla Bruni")</tag></item>
            <item>Cat Stevens<tag>out.action.artist = encodeURIComponent("Cat Stevens")</tag></item>
            <item>Chris Isaak<tag>out.action.artist = encodeURIComponent("Chris Isaak")</tag></item>
            <item>Chris Rea<tag>out.action.artist = encodeURIComponent("Chris Rea")</tag></item>
            <item>Christophe Maé<tag>out.action.artist = encodeURIComponent("Christophe Maé")</tag></item>
            <item>Claude François<tag>out.action.artist = encodeURIComponent("Claude François")</tag></item>
            <item>Original Soundtrack<tag>out.action.artist = encodeURIComponent("Original Soundtrack")</tag></item>
            <item>Cocoon<tag>out.action.artist = encodeURIComponent("Cocoon")</tag></item>
            <item>Coeur de pirate<tag>out.action.artist = encodeURIComponent("Coeur de pirate")</tag></item>
            <item>Coldplay<tag>out.action.artist = encodeURIComponent("Coldplay")</tag></item>
            <item>Counting Crows<tag>out.action.artist = encodeURIComponent("Counting Crows")</tag></item>
            <item>Cunnie Williams<tag>out.action.artist = encodeURIComponent("Cunnie Williams")</tag></item>
            <item>Cyndi Lauper<tag>out.action.artist = encodeURIComponent("Cyndi Lauper")</tag></item>
            <item>Da Silva<tag>out.action.artist = encodeURIComponent("Da Silva")</tag></item>
            <item>Daft Punk<tag>out.action.artist = encodeURIComponent("Daft Punk")</tag></item>
            <item>De Palmas<tag>out.action.artist = encodeURIComponent("De Palmas")</tag></item>
            <item>Depeche Mode<tag>out.action.artist = encodeURIComponent("Depeche Mode")</tag></item>
            <item>Diana Ross And The Supremes<tag>out.action.artist = encodeURIComponent("Diana Ross And The Supremes")</tag></item>
            <item>Dido<tag>out.action.artist = encodeURIComponent("Dido")</tag></item>
            <item>Dionysos<tag>out.action.artist = encodeURIComponent("Dionysos")</tag></item>
            <item>Dire Straits<tag>out.action.artist = encodeURIComponent("Dire Straits")</tag></item>
            <item>Mary J. Blige<tag>out.action.artist = encodeURIComponent("Mary J. Blige")</tag></item>
            <item>Moby<tag>out.action.artist = encodeURIComponent("Moby")</tag></item>
            <item>Robbie Williams<tag>out.action.artist = encodeURIComponent("Robbie Williams")</tag></item>
            <item>Shakira<tag>out.action.artist = encodeURIComponent("Shakira")</tag></item>
            <item>Maroon 5<tag>out.action.artist = encodeURIComponent("Maroon 5")</tag></item>
            <item>Keane<tag>out.action.artist = encodeURIComponent("Keane")</tag></item>
            <item>The killers<tag>out.action.artist = encodeURIComponent("The killers")</tag></item>
            <item>Jack Johnson<tag>out.action.artist = encodeURIComponent("Jack Johnson")</tag></item>
            <item>Donna Lewis<tag>out.action.artist = encodeURIComponent("Donna Lewis")</tag></item>
            <item>Eddy Mitchell<tag>out.action.artist = encodeURIComponent("Eddy Mitchell")</tag></item>
            <item>Eddy Mitchel<tag>out.action.artist = encodeURIComponent("Eddy Mitchel")</tag></item>
            <item>Elton John<tag>out.action.artist = encodeURIComponent("Elton John")</tag></item>
            <item>Elton John Et Bernie Taupin<tag>out.action.artist = encodeURIComponent("Elton John Et Bernie Taupin")</tag></item>
            <item>Era<tag>out.action.artist = encodeURIComponent("Era")</tag></item>
            <item>Eurythmics<tag>out.action.artist = encodeURIComponent("Eurythmics")</tag></item>
            <item>Evanescence<tag>out.action.artist = encodeURIComponent("Evanescence")</tag></item>
            <item>Feist<tag>out.action.artist = encodeURIComponent("Feist")</tag></item>
            <item>Genesis<tag>out.action.artist = encodeURIComponent("Genesis")</tag></item>
            <item>George Michael<tag>out.action.artist = encodeURIComponent("George Michael")</tag></item>
            <item>Georges Brassens<tag>out.action.artist = encodeURIComponent("Georges Brassens")</tag></item>
            <item>Thiefaine<tag>out.action.artist = encodeURIComponent("Thiefaine")</tag></item>
            <item>Images<tag>out.action.artist = encodeURIComponent("Images")</tag></item>
            <item>Imagination<tag>out.action.artist = encodeURIComponent("Imagination")</tag></item>
            <item>Incubus<tag>out.action.artist = encodeURIComponent("Incubus")</tag></item>
            <item>Indochine<tag>out.action.artist = encodeURIComponent("Indochine")</tag></item>
            <item>J.J. Cale<tag>out.action.artist = encodeURIComponent("J.J. Cale")</tag></item>
            <item>Jacques Brel<tag>out.action.artist = encodeURIComponent("Jacques Brel")</tag></item>
            <item>Jacques Dutronc<tag>out.action.artist = encodeURIComponent("Jacques Dutronc")</tag></item>
            <item>Jacques Higelin<tag>out.action.artist = encodeURIComponent("Jacques Higelin")</tag></item>
            <item>James Blunt<tag>out.action.artist = encodeURIComponent("James Blunt")</tag></item>
            <item>Jamie Cullum<tag>out.action.artist = encodeURIComponent("Jamie Cullum")</tag></item>
            <item>Jamiroquai<tag>out.action.artist = encodeURIComponent("Jamiroquai")</tag></item>
            <item>Jason Mraz<tag>out.action.artist = encodeURIComponent("Jason Mraz")</tag></item>
            <item>Jeanne Mas<tag>out.action.artist = encodeURIComponent("Jeanne Mas")</tag></item>
            <item>Jimmy Somerville<tag>out.action.artist = encodeURIComponent("Jimmy Somerville")</tag></item>
            <item>Joe Cocker<tag>out.action.artist = encodeURIComponent("Joe Cocker")</tag></item>
            <item>Joe Dassin<tag>out.action.artist = encodeURIComponent("Joe Dassin")</tag></item>
            <item>Joe Satriani<tag>out.action.artist = encodeURIComponent("Joe Satriani")</tag></item>
            <item>John Barry<tag>out.action.artist = encodeURIComponent("John Barry")</tag></item>
            <item>John Lee Hooker<tag>out.action.artist = encodeURIComponent("John Lee Hooker")</tag></item>
            <item>John Lennon<tag>out.action.artist = encodeURIComponent("John Lennon")</tag></item>
            <item>Johnny Hallyday<tag>out.action.artist = encodeURIComponent("Johnny Hallyday")</tag></item>
            <item>Julien Clerc<tag>out.action.artist = encodeURIComponent("Julien Clerc")</tag></item>
            <item>Justin Nozuka<tag>out.action.artist = encodeURIComponent("Justin Nozuka")</tag></item>
            <item>K's Choice<tag>out.action.artist = encodeURIComponent("K's Choice")</tag></item>
            <item>Keb' Mo'<tag>out.action.artist = encodeURIComponent("Keb' Mo'")</tag></item>
            <item>Kim Wilde<tag>out.action.artist = encodeURIComponent("Kim Wilde")</tag></item>
            <item>Korn<tag>out.action.artist = encodeURIComponent("Korn")</tag></item>
            <item>Lady Gaga<tag>out.action.artist = encodeURIComponent("Lady Gaga")</tag></item>
            <item>Laurent Voulzy<tag>out.action.artist = encodeURIComponent("Laurent Voulzy")</tag></item>
            <item>Led Zeppelin<tag>out.action.artist = encodeURIComponent("Led Zeppelin")</tag></item>
            <item>Lene Marlin<tag>out.action.artist = encodeURIComponent("Lene Marlin")</tag></item>
            <item>Lenny Kravitz<tag>out.action.artist = encodeURIComponent("Lenny Kravitz")</tag></item>
            <item>Les Negresses Vertes<tag>out.action.artist = encodeURIComponent("Les Negresses Vertes")</tag></item>
            <item>Lionel Ritchie<tag>out.action.artist = encodeURIComponent("Lionel Ritchie")</tag></item>
            <item>Bertignac<tag>out.action.artist = encodeURIComponent("Bertignac")</tag></item>
            <item>Louise Attaque<tag>out.action.artist = encodeURIComponent("Louise Attaque")</tag></item>
            <item>Luke<tag>out.action.artist = encodeURIComponent("Luke")</tag></item>
            <item>Madonna<tag>out.action.artist = encodeURIComponent("Madonna")</tag></item>
            <item>Manau<tag>out.action.artist = encodeURIComponent("Manau")</tag></item>
            <item>Manu Chao<tag>out.action.artist = encodeURIComponent("Manu Chao")</tag></item>
            <item>Mariah Carey<tag>out.action.artist = encodeURIComponent("Mariah Carey")</tag></item>
            <item>Mark Curry<tag>out.action.artist = encodeURIComponent("Mark Curry")</tag></item>
            <item>Mark Knopfler<tag>out.action.artist = encodeURIComponent("Mark Knopfler")</tag></item>
            <item>Martika<tag>out.action.artist = encodeURIComponent("Martika")</tag></item>
            <item>Marvin Gaye<tag>out.action.artist = encodeURIComponent("Marvin Gaye")</tag></item>
            <item>Matmatah<tag>out.action.artist = encodeURIComponent("Matmatah")</tag></item>
            <item>Mc Solaar<tag>out.action.artist = encodeURIComponent("Mc Solaar")</tag></item>
            <item>Michael Jackson<tag>out.action.artist = encodeURIComponent("Michael Jackson")</tag></item>
            <item>Michel Delpech<tag>out.action.artist = encodeURIComponent("Michel Delpech")</tag></item>
            <item>Midnight Oil<tag>out.action.artist = encodeURIComponent("Midnight Oil")</tag></item>
            <item>Mika<tag>out.action.artist = encodeURIComponent("Mika")</tag></item>
            <item>Miles Davis<tag>out.action.artist = encodeURIComponent("Miles Davis")</tag></item>
            <item>MTV Unplugged<tag>out.action.artist = encodeURIComponent("MTV Unplugged")</tag></item>
            <item>Murray Head<tag>out.action.artist = encodeURIComponent("Murray Head")</tag></item>
            <item>Mylene Farmer<tag>out.action.artist = encodeURIComponent("Mylene Farmer")</tag></item>
            <item>Natalie Imbruglia<tag>out.action.artist = encodeURIComponent("Natalie Imbruglia")</tag></item>
            <item>Natasha St-Pier<tag>out.action.artist = encodeURIComponent("Natasha St-Pier")</tag></item>
            <item>Nina Simone<tag>out.action.artist = encodeURIComponent("Nina Simone")</tag></item>
            <item>Nirvana<tag>out.action.artist = encodeURIComponent("Nirvana")</tag></item>
            <item>Noa<tag>out.action.artist = encodeURIComponent("Noa")</tag></item>
            <item>Noir Désir<tag>out.action.artist = encodeURIComponent("Noir Désir")</tag></item>
            <item>Norah Jones<tag>out.action.artist = encodeURIComponent("Norah Jones")</tag></item>
            <item>The Offspring<tag>out.action.artist = encodeURIComponent("The Offspring")</tag></item>
            <item>Olivia Ruiz<tag>out.action.artist = encodeURIComponent("Olivia Ruiz")</tag></item>
            <item>Otis Redding<tag>out.action.artist = encodeURIComponent("Otis Redding")</tag></item>
            <item>Pascal Obispo<tag>out.action.artist = encodeURIComponent("Pascal Obispo")</tag></item>
            <item>Patricia Kaas<tag>out.action.artist = encodeURIComponent("Patricia Kaas")</tag></item>
            <item>Patrick Bruel<tag>out.action.artist = encodeURIComponent("Patrick Bruel")</tag></item>
            <item>Peter Gabriel<tag>out.action.artist = encodeURIComponent("Peter Gabriel")</tag></item>
            <item>Petula Clark<tag>out.action.artist = encodeURIComponent("Petula Clark")</tag></item>
            <item>Phil Collins<tag>out.action.artist = encodeURIComponent("Phil Collins")</tag></item>
            <item>Philippe Sarde<tag>out.action.artist = encodeURIComponent("Philippe Sarde")</tag></item>
            <item>Pierpoljak<tag>out.action.artist = encodeURIComponent("Pierpoljak")</tag></item>
            <item>Pierre Bachelet<tag>out.action.artist = encodeURIComponent("Pierre Bachelet")</tag></item>
            <item>Pink Floyd<tag>out.action.artist = encodeURIComponent("Pink Floyd")</tag></item>
            <item>Pixies<tag>out.action.artist = encodeURIComponent("Pixies")</tag></item>
            <item>Placebo<tag>out.action.artist = encodeURIComponent("Placebo")</tag></item>
            <item>Pow wow<tag>out.action.artist = encodeURIComponent("Pow wow")</tag></item>
            <item>Queen<tag>out.action.artist = encodeURIComponent("Queen")</tag></item>
            <item>R.E.M.<tag>out.action.artist = encodeURIComponent("R.E.M.")</tag></item>
            <item>Radio Saigon<tag>out.action.artist = encodeURIComponent("Radio Saigon")</tag></item>
            <item>RadioHead<tag>out.action.artist = encodeURIComponent("RadioHead")</tag></item>
            <item>Raphael<tag>out.action.artist = encodeURIComponent("Raphael")</tag></item>
            <item>Ray Lynch<tag>out.action.artist = encodeURIComponent("Ray Lynch")</tag></item>
            <item>Red Hot Chili Peppers<tag>out.action.artist = encodeURIComponent("Red Hot Chili Peppers")</tag></item>
            <item>Renan Luce<tag>out.action.artist = encodeURIComponent("Renan Luce")</tag></item>
            <item>Renaud<tag>out.action.artist = encodeURIComponent("Renaud")</tag></item>
            <item>René Aubry<tag>out.action.artist = encodeURIComponent("René Aubry")</tag></item>
            <item>Riké<tag>out.action.artist = encodeURIComponent("Riké")</tag></item>
            <item>Richard Ashcroft<tag>out.action.artist = encodeURIComponent("Richard Ashcroft")</tag></item>
            <item>Rondo' Veneziano<tag>out.action.artist = encodeURIComponent("Rondo' Veneziano")</tag></item>
            <item>Roxette<tag>out.action.artist = encodeURIComponent("Roxette")</tag></item>
            <item>Roy Orbison And Friends<tag>out.action.artist = encodeURIComponent("Roy Orbison And Friends")</tag></item>
            <item>Saez<tag>out.action.artist = encodeURIComponent("Saez")</tag></item>
            <item>Saint-Preux<tag>out.action.artist = encodeURIComponent("Saint-Preux")</tag></item>
            <item>Santana<tag>out.action.artist = encodeURIComponent("Santana")</tag></item>
            <item>Serge Perathoner<tag>out.action.artist = encodeURIComponent("Serge Perathoner")</tag></item>
            <item>Shane MacGowan<tag>out.action.artist = encodeURIComponent("Shane MacGowan")</tag></item>
            <item>Shania Twain<tag>out.action.artist = encodeURIComponent("Shania Twain")</tag></item>
            <item>Sheryl Crow<tag>out.action.artist = encodeURIComponent("Sheryl Crow")</tag></item>
            <item>Simon And Garfunkel<tag>out.action.artist = encodeURIComponent("Simon And Garfunkel")</tag></item>
            <item>Simon and Garfunkel<tag>out.action.artist = encodeURIComponent("Simon &amp; Garfunkel")</tag></item>
            <item>Sinead Lohan<tag>out.action.artist = encodeURIComponent("Sinead Lohan")</tag></item>
            <item>Sinéad O'Connor<tag>out.action.artist = encodeURIComponent("Sinéad O'Connor")</tag></item>
            <item>The Smashing Pumpkins<tag>out.action.artist = encodeURIComponent("The Smashing Pumpkins")</tag></item>
            <item>Solas<tag>out.action.artist = encodeURIComponent("Solas")</tag></item>
            <item>Sophie Zelmani<tag>out.action.artist = encodeURIComponent("Sophie Zelmani")</tag></item>
            <item>Suzanne Vega<tag>out.action.artist = encodeURIComponent("Suzanne Vega")</tag></item>
            <item>U2<tag>out.action.artist = encodeURIComponent("U2")</tag></item>
            <item>Various Artists<tag>out.action.artist = encodeURIComponent("Various Artists")</tag></item>
            <item>Tracy Chapman<tag>out.action.artist = encodeURIComponent("Tracy Chapman")</tag></item>
            <item>Travis<tag>out.action.artist = encodeURIComponent("Travis")</tag></item>
            <item>Starmania<tag>out.action.artist = encodeURIComponent("Starmania")</tag></item>
            <item>Original TV Soundtrack<tag>out.action.artist = encodeURIComponent("Original TV Soundtrack")</tag></item>
            <item>Stray Cats<tag>out.action.artist = encodeURIComponent("Stray Cats")</tag></item>
            <item>Superbus<tag>out.action.artist = encodeURIComponent("Superbus")</tag></item>
            <item>Supertramp<tag>out.action.artist = encodeURIComponent("Supertramp")</tag></item>
            <item>Susanna Hoffs<tag>out.action.artist = encodeURIComponent("Susanna Hoffs")</tag></item>
            <item>Tanita Tikaram<tag>out.action.artist = encodeURIComponent("Tanita Tikaram")</tag></item>
            <item>Tarmac<tag>out.action.artist = encodeURIComponent("Tarmac")</tag></item>
            <item>Tears for Fears<tag>out.action.artist = encodeURIComponent("Tears for Fears")</tag></item>
            <item>Telephone<tag>out.action.artist = encodeURIComponent("Telephone")</tag></item>
            <item>Téléphone<tag>out.action.artist = encodeURIComponent("Téléphone")</tag></item>
            <item>Ten Sharp<tag>out.action.artist = encodeURIComponent("Ten Sharp")</tag></item>
            <item>Texas<tag>out.action.artist = encodeURIComponent("Texas")</tag></item>
            <item>Texas Harmonica Rumble<tag>out.action.artist = encodeURIComponent("Texas Harmonica Rumble")</tag></item>
            <item>Tété<tag>out.action.artist = encodeURIComponent("Tété")</tag></item>
            <item>The Beatles<tag>out.action.artist = encodeURIComponent("The Beatles")</tag></item>
            <item>The Chieftains<tag>out.action.artist = encodeURIComponent("The Chieftains")</tag></item>
            <item>The Christians<tag>out.action.artist = encodeURIComponent("The Christians")</tag></item>
            <item>The Corrs<tag>out.action.artist = encodeURIComponent("The Corrs")</tag></item>
            <item>The Cranberries<tag>out.action.artist = encodeURIComponent("The Cranberries")</tag></item>
            <item>Drummers Of Burundi<tag>out.action.artist = encodeURIComponent("Drummers Of Burundi")</tag></item>
            <item>The Kooks<tag>out.action.artist = encodeURIComponent("The Kooks")</tag></item>
            <item>The Moody Blues<tag>out.action.artist = encodeURIComponent("The Moody Blues")</tag></item>
            <item>The Notting Hillbillies<tag>out.action.artist = encodeURIComponent("The Notting Hillbillies")</tag></item>
            <item>The Platters<tag>out.action.artist = encodeURIComponent("The Platters")</tag></item>
            <item>The Pogues<tag>out.action.artist = encodeURIComponent("The Pogues")</tag></item>
            <item>Rolling Stones<tag>out.action.artist = encodeURIComponent("Rolling Stones")</tag></item>
            <item>The Rolling Stones<tag>out.action.artist = encodeURIComponent("The Rolling Stones")</tag></item>
            <item>Sting<tag>out.action.artist = encodeURIComponent("Sting")</tag></item>
            <item>The White Stripes<tag>out.action.artist = encodeURIComponent("The White Stripes")</tag></item>
            <item>Thomas Dutronc<tag>out.action.artist = encodeURIComponent("Thomas Dutronc")</tag></item>
            <item>Thomas Otten<tag>out.action.artist = encodeURIComponent("Thomas Otten")</tag></item>
            <item>Tina  Arena<tag>out.action.artist = encodeURIComponent("Tina  Arena")</tag></item>
            <item>Tina Arena<tag>out.action.artist = encodeURIComponent("Tina Arena")</tag></item>
            <item>Toni Childs<tag>out.action.artist = encodeURIComponent("Toni Childs")</tag></item>
            <item>Toto<tag>out.action.artist = encodeURIComponent("Toto")</tag></item>
            <item>Tracy Bonham<tag>out.action.artist = encodeURIComponent("Tracy Bonham")</tag></item>
            <item>Tri Yann<tag>out.action.artist = encodeURIComponent("Tri Yann")</tag></item>
            <item>Trisan<tag>out.action.artist = encodeURIComponent("Trisan")</tag></item>
            <item>Triskell<tag>out.action.artist = encodeURIComponent("Triskell")</tag></item>
            <item>Tryo<tag>out.action.artist = encodeURIComponent("Tryo")</tag></item>
            <item>Tunng<tag>out.action.artist = encodeURIComponent("Tunng")</tag></item>
            <item>UB40<tag>out.action.artist = encodeURIComponent("UB40")</tag></item>
            <item>Vanessa Mae<tag>out.action.artist = encodeURIComponent("Vanessa Mae")</tag></item>
            <item>Vanessa Paradis<tag>out.action.artist = encodeURIComponent("Vanessa Paradis")</tag></item>
            <item>Vangelis<tag>out.action.artist = encodeURIComponent("Vangelis")</tag></item>
            <item>Vaya Con Dios<tag>out.action.artist = encodeURIComponent("Vaya Con Dios")</tag></item>
            <item>Véronique Sanson<tag>out.action.artist = encodeURIComponent("Véronique Sanson")</tag></item>
            <item>Vonda Shepard<tag>out.action.artist = encodeURIComponent("Vonda Shepard")</tag></item>
            <item>Wilson Phillips<tag>out.action.artist = encodeURIComponent("Wilson Phillips")</tag></item>
            <item>Yannick Noah<tag>out.action.artist = encodeURIComponent("Yannick Noah")</tag></item>
            <item>Yves Simon<tag>out.action.artist = encodeURIComponent("Yves Simon")</tag></item>
            <item>Zazie<tag>out.action.artist = encodeURIComponent("Zazie")</tag></item>
            <item>ZZ Top<tag>out.action.artist = encodeURIComponent("ZZ Top")</tag></item>
            <item>Aloe Blacc<tag>out.action.artist = encodeURIComponent("Aloe Blacc")</tag></item>
            <item>Gotye<tag>out.action.artist = encodeURIComponent("Gotye")</tag></item>
            <item>James Arthur<tag>out.action.artist = encodeURIComponent("James Arthur")</tag></item>
            <item>Katy Perry<tag>out.action.artist = encodeURIComponent("Katy Perry")</tag></item>
            <item>Muse<tag>out.action.artist = encodeURIComponent("Muse")</tag></item>
            <item>Pink<tag>out.action.artist = encodeURIComponent("Pink")</tag></item>
            <item>Skrillex<tag>out.action.artist = encodeURIComponent("Skrillex")</tag></item>
            <item>Birdy<tag>out.action.artist = encodeURIComponent("Birdy")</tag></item>
            <item>Mark Snow<tag>out.action.artist = encodeURIComponent("Mark Snow")</tag></item>
            <item>Michel Fugain<tag>out.action.artist = encodeURIComponent("Michel Fugain")</tag></item>
            <item>Sinsemilia<tag>out.action.artist = encodeURIComponent("Sinsemilia")</tag></item>
            <item>Stromae<tag>out.action.artist = encodeURIComponent("Stromae")</tag></item>
            <!-- ¤IMPORTartiste¤ END Automatic Generation Artist -->
		</one-of>
	</rule>
  
	<rule id="ruleXBMC_search" scope="public">
		<example>SARAH recherche * dans les musiques</example>
		<tag>out.action=new Object();</tag>
		<tag>out.action.xbmc="music" </tag>
		<tag>out.action.action="playlist";</tag>
		<item>recherche</item><ruleref special="GARBAGE" /><item>dans les  musiques</item>
		<tag>out._attributes.dictation="true";</tag> 
	</rule>

	<rule id="ruleXBMC_Serie" scope="public">
		<example>SARAH met le prochain épisode des simpsons</example>
		<tag>out.action=new Object();</tag>
		<tag>out.action.xbmc="video" </tag>
		<item>met le prochain épisode de<tag>out.action.action="tvshowtitle";</tag></item>
		<one-of>
			<!-- Personalisation Série ¤PERSOseries¤ -->
			<!-- ¤PERSOseries¤ Fin de personalisation Série -->
 			<!-- Automatic Generation Serie ¤IMPORTseries¤ -->
            <item>SERIE NON DEFINI<tag>out.action._attributes.tts ="Aucune importation XML effectuée"</tag></item>
            <!-- ¤IMPORTseries¤ Automatic Generation Serie -->
		</one-of>
	</rule>
</grammar>