﻿<grammar version="1.0" xml:lang="fr-FR" mode="voice" root="ruleXBMC" xmlns="http://www.w3.org/2001/06/grammar" tag-format="semantics/1.0">

	<rule id="ruleXBMC" scope="public">
		<tag>out.action=new Object(); </tag>
		<item >Sarah</item>
		
		<one-of>
			<item><ruleref uri="#ruleXBMC_playlist"/><tag>out.action = rules.ruleXBMC_playlist;</tag><tag>out.action._attributes.tts = "Je m'en occupe"</tag><tag>out.action._attributes.uri="http://127.0.0.1:8080/sarah/xbmc";</tag></item>
			<item><ruleref uri="#ruleXBMC_search"/><tag>out.action = rules.ruleXBMC_search;</tag><tag>out.action._attributes.tts = "Je m'en occupe"</tag><tag>out.action._attributes.uri="http://127.0.0.1:8080/sarah/xbmc";</tag></item>
			<item><ruleref uri="#ruleXBMC_Artist"/><tag>out.action = rules.ruleXBMC_Artist;</tag><tag>out.action._attributes.tts = "Je m'en occupe"</tag><tag>out.action._attributes.uri="http://127.0.0.1:8080/sarah/xbmc";</tag></item>
			<item><ruleref uri="#ruleXBMC_Telecommande"/><tag>out.action = rules.ruleXBMC_Telecommande</tag><tag>out.action._attributes.tts = "Je m'en occupe"</tag><tag>out.action._attributes.uri="http://127.0.0.1:8080/sarah/xbmc";</tag></item>
			<item><ruleref uri="#ruleXBMC_Serie"/><tag>out.action = rules.ruleXBMC_Serie;</tag><tag>out.action._attributes.tts = "Je m'en occupe"</tag><tag>out.action._attributes.uri="http://127.0.0.1:8080/sarah/xbmc";</tag></item>
      <item><ruleref uri="#ruleXBMC_Radio"/><tag>out.action = rules.ruleXBMC_Radio;</tag><tag>out.action._attributes.tts = "Je mets la radio"</tag><tag>out.action._attributes.uri="http://127.0.0.1:8080/sarah/xbmc";</tag></item>
<!--	Désactivation temporaire du LAZY durant essais plugin
-->			<item>active le mode xbmc
				<tag>out.action._attributes.context = "lazyxbmc.xml,xbmc_temp.xml"</tag>
				<tag>out.action._attributes.tts = "Mode XBMC activé. Que veux tu ?"</tag>
			</item>
<!-- -->
		</one-of>
		
	</rule>  
  
	<rule id="ruleXBMC_Telecommande" scope="public">
		<example>SARAH musique suivante</example>
		<tag>out.action=new Object(); </tag>
		<one-of>
			<item>musique suivante<tag>out.action.action="next"</tag><tag>out.action.xbmc="music" </tag></item>
			<item>musique précédente<tag>out.action.action="prev"</tag><tag>out.action.xbmc="music" </tag></item>
			<item>met en pause la musique<tag>out.action.action="play"</tag><tag>out.action.xbmc="music" </tag></item>
			<item>musique en pause<tag>out.action.action="play"</tag><tag>out.action.xbmc="music" </tag></item>
			<item>met la musique sur pause<tag>out.action.action="play"</tag><tag>out.action.xbmc="music" </tag></item>
			<item>reprends la musique<tag>out.action.action="play"</tag><tag>out.action.xbmc="music" </tag></item>
			<item>met en pause la série<tag>out.action.action="playvideo"</tag><tag>out.action.xbmc="video" </tag></item>
			<item>remet la série<tag>out.action.action="playvideo"</tag><tag>out.action.xbmc="video" </tag></item>
			<item>c'est quoi cette musique<tag>out.action.action="whatIsPlaying"</tag><tag>out.action.xbmc="music" </tag></item>
			<item>c'est quoi cette vidéo<tag>out.action.action="whatIsPlaying"</tag><tag>out.action.xbmc="video" </tag></item>

		</one-of>
	</rule>  
  
  <rule id="ruleXBMC_Radio" scope="public">
    <example>SARAH je veux écouter la radio Fréquence 3</example>
    <tag>out.action=new Object();</tag>
    <tag>out.action.xbmc="music";</tag>
    <one-of>
      <item>je veux écouter la radio <tag>out.action.action="radio";</tag></item>
    </one-of>
    <one-of>
      <!-- l'ID de la radio peut être trouvé en tapant "http://radio.fr/info/index/searchembeddedbroadcast?start=0&rows=10&q=Nom Radio" dans un navigateur -->
      <item>RTL2<tag>out.action.radioid="5170"</tag></item>
      <item>Virgin Radio<tag>out.action.radioid="8275"</tag></item>
      <item>Fun Radio<tag>out.action.radioid="4368"</tag></item>
      <item>RFM<tag>out.action.radioid="2993"</tag></item>
      <item>Europe 1<tag>out.action.radioid="2865"</tag></item>
      <item>ère Thé eLle<tag>out.action.radioid="5168"</tag></item>
      <item>éNeRgie<tag>out.action.radioid="8280"</tag></item>
      <item>RMC Info<tag>out.action.radioid="1935"</tag></item>
      <item>France Inter<tag>out.action.radioid="2843"</tag></item>
      <item>France Info<tag>out.action.radioid="4232"</tag></item>
      <item>FIP<tag>out.action.radioid="4234"</tag></item>
      <item>Chérie FM<tag>out.action.radioid="8315"</tag></item>
      <item>BFM<tag>out.action.radioid="1441"</tag></item>
      <item>Skyrock<tag>out.action.radioid="8302"</tag></item>
      <item>F G<tag>out.action.radioid="1577"</tag></item>
      <item>Radio Classique<tag>out.action.radioid="1838"</tag></item>
      <item>MFM<tag>out.action.radioid="1738"</tag></item>
      <item>Beur FM<tag>out.action.radioid="4403"</tag></item>
      <item>OUI FM<tag>out.action.radioid="4477"</tag></item>
      <item>ADO FM<tag>out.action.radioid="4394"</tag></item>
      <item>France Culture<tag>out.action.radioid="4233"</tag></item>
      <item>Alouette<tag>out.action.radioid="1416"</tag></item>
      <item>HOT MIX RADIO<tag>out.action.radioid="1632"</tag></item>
      <item>Couleur 3<tag>out.action.radioid="1489"</tag></item>
      <item>NRJ Hits<tag>out.action.radioid="12372"</tag></item>
      <item>éRe Thé eSse<tag>out.action.radioid="3123"</tag></item>
      <item>Fréquence 3<tag>out.action.radioid="1588"</tag></item>
      <item>Pulsse Radio<tag>out.action.radioid="1813"</tag></item>
    </one-of>
  </rule>  
  
	<rule id="ruleXBMC_playlist" scope="public">
		<example>SARAH joue de la musique Rock</example>
		<tag>out.action=new Object(); </tag>
		<tag>out.action.xbmc="music" </tag>
		<one-of>
			<item>met de la musique <tag>out.action.action="playlist"; </tag></item>
			<item>joue de la musique <tag>out.action.action="playlist"; </tag></item>
		</one-of>
		<one-of>
			<!-- Personalisation Genre ¤PERSOgenre¤ -->
			<!-- ¤PERSOgenre¤ FIN Personalisation Genre -->
			<!-- Automatic Generation Genre ¤IMPORTgenre¤ -->
            <item>Jazz/Soul<tag>out.action.genre = "Jazz/Soul"</tag></item>
            <item>Rock/Pop<tag>out.action.genre = "Rock/Pop"</tag></item>
            <item>Hard Rock<tag>out.action.genre = "Hard Rock"</tag></item>
            <item>Pop<tag>out.action.genre = "Pop"</tag></item>
            <item>World<tag>out.action.genre = "World"</tag></item>
            <item>Rock<tag>out.action.genre = "Rock"</tag></item>
            <item>Soundtrack<tag>out.action.genre = "Soundtrack"</tag></item>
            <item>Pop/Rock<tag>out.action.genre = "Pop/Rock"</tag></item>
            <item>Grunge<tag>out.action.genre = "Grunge"</tag></item>
            <item>RnB<tag>out.action.genre = "RnB"</tag></item>
            <item>Disco<tag>out.action.genre = "Disco"</tag></item>
            <item>Français<tag>out.action.genre = "Français"</tag></item>
            <item>Blues<tag>out.action.genre = "Blues"</tag></item>
            <item>Reggae<tag>out.action.genre = "Reggae"</tag></item>
            <item>Autres<tag>out.action.genre = "Autres"</tag></item>
            <item>Variété française<tag>out.action.genre = "Variété française"</tag></item>
            <item>Chanson française<tag>out.action.genre = "Chanson française"</tag></item>
            <item>B.O.<tag>out.action.genre = "B.O."</tag></item>
            <item>Other<tag>out.action.genre = "Other"</tag></item>
            <item>Indie<tag>out.action.genre = "Indie"</tag></item>
            <item>Folk Pop<tag>out.action.genre = "Folk Pop"</tag></item>
            <item>Jazz Soul<tag>out.action.genre = "Jazz Soul"</tag></item>
            <item>Dance<tag>out.action.genre = "Dance"</tag></item>
            <item>House<tag>out.action.genre = "House"</tag></item>
            <item>Metal<tag>out.action.genre = "Metal"</tag></item>
            <item>Rhythmic Soul<tag>out.action.genre = "Rhythmic Soul"</tag></item>
            <item>misc<tag>out.action.genre = "misc"</tag></item>
            <item>Undefined<tag>out.action.genre = "Undefined"</tag></item>
            <item>genre<tag>out.action.genre = "genre"</tag></item>
            <item>Alternative<tag>out.action.genre = "Alternative"</tag></item>
            <item>Electronic<tag>out.action.genre = "Electronic"</tag></item>
            <item>France/World<tag>out.action.genre = "France/World"</tag></item>
            <item>Chanson<tag>out.action.genre = "Chanson"</tag></item>
            <item>Top 40<tag>out.action.genre = "Top 40"</tag></item>
            <item>Hip-Hop<tag>out.action.genre = "Hip-Hop"</tag></item>
            <item>Straight Edge Punk<tag>out.action.genre = "Straight Edge Punk"</tag></item>
            <item>Classical<tag>out.action.genre = "Classical"</tag></item>
            <item>Acid Jazz<tag>out.action.genre = "Acid Jazz"</tag></item>
            <item>Beat<tag>out.action.genre = "Beat"</tag></item>
            <item>RandB<tag>out.action.genre = "R&amp;B"</tag></item>
            <item>Unbekannt<tag>out.action.genre = "Unbekannt"</tag></item>
            <item>country<tag>out.action.genre = "country"</tag></item>
            <item>Jazz<tag>out.action.genre = "Jazz"</tag></item>
            <item>Vocal<tag>out.action.genre = "Vocal"</tag></item>
            <item>Gothic Rock<tag>out.action.genre = "Gothic Rock"</tag></item>
            <item>default<tag>out.action.genre = "default"</tag></item>
            <item>Dancing<tag>out.action.genre = "Dancing"</tag></item>
            <item>Acoustic<tag>out.action.genre = "Acoustic"</tag></item>
            <item>Inconnu<tag>out.action.genre = "Inconnu"</tag></item>
            <item>RandB/Soul<tag>out.action.genre = "R&amp;B/Soul"</tag></item>
            <item>Latin<tag>out.action.genre = "Latin"</tag></item>
            <item>Folk/Rock<tag>out.action.genre = "Folk/Rock"</tag></item>
            <item>Easy Listening<tag>out.action.genre = "Easy Listening"</tag></item>
            <item>Rap<tag>out.action.genre = "Rap"</tag></item>
            <item>Electronique<tag>out.action.genre = "Electronique"</tag></item>
            <item>Oldies<tag>out.action.genre = "Oldies"</tag></item>
            <item>Unknown<tag>out.action.genre = "Unknown"</tag></item>
            <item>Ballad<tag>out.action.genre = "Ballad"</tag></item>
            <item>Punk Rock<tag>out.action.genre = "Punk Rock"</tag></item>
            <item>Punk<tag>out.action.genre = "Punk"</tag></item>
            <item>Rock Duro Y Heavy<tag>out.action.genre = "Rock Duro Y Heavy"</tag></item>
            <item>Cabaret<tag>out.action.genre = "Cabaret"</tag></item>
            <item>Alt. Rock<tag>out.action.genre = "Alt. Rock"</tag></item>
            <item>Acapella<tag>out.action.genre = "Acapella"</tag></item>
            <item>Divers<tag>out.action.genre = "Divers"</tag></item>
            <item>Latino<tag>out.action.genre = "Latino"</tag></item>
            <item>Folk<tag>out.action.genre = "Folk"</tag></item>
            <item>Celtic<tag>out.action.genre = "Celtic"</tag></item>
            <item>Celtique<tag>out.action.genre = "Celtique"</tag></item>
            <!-- ¤IMPORTgenre¤ Automatic Generation Genre -->
		</one-of>
	</rule>

	<rule id="ruleXBMC_Artist" scope="public">
		<example>SARAH je veux écouter ACDC</example>
		<tag>out.action=new Object();</tag>
		<tag>out.action.xbmc="music" </tag>
		<item>je veux écouter<tag>out.action.action="artist";</tag></item>
		<one-of>
			<!-- Personalisation Artiste ¤PERSOartiste¤ -->
            <item>you tout<tag>out.action.artist = "U2"</tag></item>
            <item>for Non Blondes<tag>out.action.artist = "4 Non Blondes"</tag></item>
            <item>Keb Mot<tag>out.action.artist = "Keb' Mo'"</tag></item>
            <item>jijie Caule<tag>out.action.artist = "J.J. Cale"</tag></item>
            <item>Super bus<tag>out.action.artist = "Superbus"</tag></item>
            <item>Super trampe<tag>out.action.artist = "Supertramp"</tag></item>
            <!-- ¤PERSOartiste¤ Fin de Personalisation Artiste -->
			<!-- Automatic Generation Artist ¤IMPORTartiste¤ -->
            <item>Amy Winehouse<tag>out.action.artist = "Amy Winehouse"</tag></item>
            <item>AC/DC<tag>out.action.artist = "AC/DC"</tag></item>
            <item>Alain Bashung<tag>out.action.artist = "Alain Bashung"</tag></item>
            <item>Alain Souchon<tag>out.action.artist = "Alain Souchon"</tag></item>
            <item>Alanis Morissette<tag>out.action.artist = "Alanis Morissette"</tag></item>
            <item>Alannah Myles<tag>out.action.artist = "Alannah Myles"</tag></item>
            <item>Alicia Keys<tag>out.action.artist = "Alicia Keys"</tag></item>
            <item>Amanda Marshall<tag>out.action.artist = "Amanda Marshall"</tag></item>
            <item>Amy Mac Donald<tag>out.action.artist = "Amy Mac Donald"</tag></item>
            <item>Anastacia<tag>out.action.artist = "Anastacia"</tag></item>
            <item>Avril Lavigne<tag>out.action.artist = "Avril Lavigne"</tag></item>
            <item>Axelle Red<tag>out.action.artist = "Axelle Red"</tag></item>
            <item>Babyshambles<tag>out.action.artist = "Babyshambles"</tag></item>
            <item>Bananarama<tag>out.action.artist = "Bananarama"</tag></item>
            <item>Barry White<tag>out.action.artist = "Barry White"</tag></item>
            <item>Bee Gees<tag>out.action.artist = "Bee Gees"</tag></item>
            <item>Ben Harper<tag>out.action.artist = "Ben Harper"</tag></item>
            <item>Bénabar<tag>out.action.artist = "Bénabar"</tag></item>
            <item>Björk<tag>out.action.artist = "Björk"</tag></item>
            <item>Blondie<tag>out.action.artist = "Blondie"</tag></item>
            <item>Blues Brothers<tag>out.action.artist = "Blues Brothers"</tag></item>
            <item>Bob Marley<tag>out.action.artist = "Bob Marley"</tag></item>
            <item>Bon Jovi<tag>out.action.artist = "Bon Jovi"</tag></item>
            <item>Boney M<tag>out.action.artist = "Boney M"</tag></item>
            <item>Bonnie Tyler<tag>out.action.artist = "Bonnie Tyler"</tag></item>
            <item>Bruce Springsteen<tag>out.action.artist = "Bruce Springsteen"</tag></item>
            <item>Cali<tag>out.action.artist = "Cali"</tag></item>
            <item>Calogero<tag>out.action.artist = "Calogero"</tag></item>
            <item>Calvin Russell<tag>out.action.artist = "Calvin Russell"</tag></item>
            <item>Camille<tag>out.action.artist = "Camille"</tag></item>
            <item>Carla Bruni<tag>out.action.artist = "Carla Bruni"</tag></item>
            <item>Cat Stevens<tag>out.action.artist = "Cat Stevens"</tag></item>
            <item>Chris Carter<tag>out.action.artist = "Chris Carter"</tag></item>
            <item>Chris Isaak<tag>out.action.artist = "Chris Isaak"</tag></item>
            <item>Chris Rea<tag>out.action.artist = "Chris Rea"</tag></item>
            <item>Christophe Maé<tag>out.action.artist = "Christophe Maé"</tag></item>
            <item>Claude Francois<tag>out.action.artist = "Claude Francois"</tag></item>
            <item>Claude François<tag>out.action.artist = "Claude François"</tag></item>
            <item>Cocoon<tag>out.action.artist = "Cocoon"</tag></item>
            <item>Coeur de pirate<tag>out.action.artist = "Coeur de pirate"</tag></item>
            <item>Coldplay<tag>out.action.artist = "Coldplay"</tag></item>
            <item>Compilation<tag>out.action.artist = "Compilation"</tag></item>
            <item>Randy Crawford<tag>out.action.artist = "Randy Crawford"</tag></item>
            <item>Modaji Feat. Jag<tag>out.action.artist = "Modaji Feat. Jag"</tag></item>
            <item>Lina<tag>out.action.artist = "Lina"</tag></item>
            <item>Nnenna Freelon<tag>out.action.artist = "Nnenna Freelon"</tag></item>
            <item>Eric Benet Feat. Roy Ayers<tag>out.action.artist = "Eric Benet Feat. Roy Ayers"</tag></item>
            <item>Martine Girault<tag>out.action.artist = "Martine Girault"</tag></item>
            <item>Kenny Lattimore<tag>out.action.artist = "Kenny Lattimore"</tag></item>
            <item>Styleena Johnson<tag>out.action.artist = "Styleena Johnson"</tag></item>
            <item>Curtis Mayfield<tag>out.action.artist = "Curtis Mayfield"</tag></item>
            <item>Sylvester<tag>out.action.artist = "Sylvester"</tag></item>
            <item>Vesta Williams<tag>out.action.artist = "Vesta Williams"</tag></item>
            <item>Rachelle Ferrel Feat. Russ Bar<tag>out.action.artist = "Rachelle Ferrel Feat. Russ Bar"</tag></item>
            <item>Tom Browne Feat. Dianne Reeves<tag>out.action.artist = "Tom Browne Feat. Dianne Reeves"</tag></item>
            <item>Titiyo Feat. Stephen Simmonds<tag>out.action.artist = "Titiyo Feat. Stephen Simmonds"</tag></item>
            <item>Up Lespeed<tag>out.action.artist = "Up Lespeed"</tag></item>
            <item>britney spears<tag>out.action.artist = "britney spears"</tag></item>
            <item>sugarkiss<tag>out.action.artist = "sugarkiss"</tag></item>
            <item>deadmau 5 feat mc flipside<tag>out.action.artist = "deadmau 5 feat mc flipside"</tag></item>
            <item>Rock Rebel<tag>out.action.artist = "Rock Rebel"</tag></item>
            <item>Counting Crows<tag>out.action.artist = "Counting Crows"</tag></item>
            <item>Cunnie Williams<tag>out.action.artist = "Cunnie Williams"</tag></item>
            <item>Cyndi Lauper<tag>out.action.artist = "Cyndi Lauper"</tag></item>
            <item>Da Silva<tag>out.action.artist = "Da Silva"</tag></item>
            <item>Daft Punk<tag>out.action.artist = "Daft Punk"</tag></item>
            <item>De Palmas<tag>out.action.artist = "De Palmas"</tag></item>
            <item>Gerald De Palmas<tag>out.action.artist = "Gerald De Palmas"</tag></item>
            <item>Depeche Mode<tag>out.action.artist = "Depeche Mode"</tag></item>
            <item>Diana Ross And The Supremes<tag>out.action.artist = "Diana Ross And The Supremes"</tag></item>
            <item>Dido<tag>out.action.artist = "Dido"</tag></item>
            <item>Dionysos<tag>out.action.artist = "Dionysos"</tag></item>
            <item>Dire Straits<tag>out.action.artist = "Dire Straits"</tag></item>
            <item>Chad Kroeger<tag>out.action.artist = "Chad Kroeger"</tag></item>
            <item>Gorillaz<tag>out.action.artist = "Gorillaz"</tag></item>
            <item>Kana<tag>out.action.artist = "Kana"</tag></item>
            <item>Las Ketchup<tag>out.action.artist = "Las Ketchup"</tag></item>
            <item>Saian Supa Crew<tag>out.action.artist = "Saian Supa Crew"</tag></item>
            <item>Mary J. Blige<tag>out.action.artist = "Mary J. Blige"</tag></item>
            <item>mary j. blige.<tag>out.action.artist = "mary j. blige."</tag></item>
            <item>Moby<tag>out.action.artist = "Moby"</tag></item>
            <item>Sum 41<tag>out.action.artist = "Sum 41"</tag></item>
            <item>The Calling<tag>out.action.artist = "The Calling"</tag></item>
            <item>Eagle Eye Cherry<tag>out.action.artist = "Eagle Eye Cherry"</tag></item>
            <item>Robbie Williams<tag>out.action.artist = "Robbie Williams"</tag></item>
            <item>Shakira<tag>out.action.artist = "Shakira"</tag></item>
            <item>Pink<tag>out.action.artist = "Pink"</tag></item>
            <item>Pavarotti, Mariah, Ricky, etc.<tag>out.action.artist = "Pavarotti, Mariah, Ricky, etc."</tag></item>
            <item>Sophie Ellis Bextor<tag>out.action.artist = "Sophie Ellis Bextor"</tag></item>
            <item>Billy Crawford<tag>out.action.artist = "Billy Crawford"</tag></item>
            <item>Unknown<tag>out.action.artist = "Unknown"</tag></item>
            <item>Tatu<tag>out.action.artist = "Tatu"</tag></item>
            <item>Nickleback<tag>out.action.artist = "Nickleback"</tag></item>
            <item>The Chemical Brothers<tag>out.action.artist = "The Chemical Brothers"</tag></item>
            <item>Weezer<tag>out.action.artist = "Weezer"</tag></item>
            <item>Creed<tag>out.action.artist = "Creed"</tag></item>
            <item>Fatboy Slim<tag>out.action.artist = "Fatboy Slim"</tag></item>
            <item>Stupeflip<tag>out.action.artist = "Stupeflip"</tag></item>
            <item>Franz Ferdinand<tag>out.action.artist = "Franz Ferdinand"</tag></item>
            <item>Good Charlotte<tag>out.action.artist = "Good Charlotte"</tag></item>
            <item>Massive Attack<tag>out.action.artist = "Massive Attack"</tag></item>
            <item>The Servant<tag>out.action.artist = "The Servant"</tag></item>
            <item>Maroon 5<tag>out.action.artist = "Maroon 5"</tag></item>
            <item>Keane<tag>out.action.artist = "Keane"</tag></item>
            <item>The killers<tag>out.action.artist = "The killers"</tag></item>
            <item>Caesars Palace<tag>out.action.artist = "Caesars Palace"</tag></item>
            <item>Jack Johnson<tag>out.action.artist = "Jack Johnson"</tag></item>
            <item>Big Soul<tag>out.action.artist = "Big Soul"</tag></item>
            <item>Donna Lewis<tag>out.action.artist = "Donna Lewis"</tag></item>
            <item>Eddy Mitchell<tag>out.action.artist = "Eddy Mitchell"</tag></item>
            <item>Eddy Mitchel<tag>out.action.artist = "Eddy Mitchel"</tag></item>
            <item>Elton John<tag>out.action.artist = "Elton John"</tag></item>
            <item>Elton John Et Bernie Taupin<tag>out.action.artist = "Elton John Et Bernie Taupin"</tag></item>
            <item>Era<tag>out.action.artist = "Era"</tag></item>
            <item>Eurythmics<tag>out.action.artist = "Eurythmics"</tag></item>
            <item>Evanescence<tag>out.action.artist = "Evanescence"</tag></item>
            <item>Feist<tag>out.action.artist = "Feist"</tag></item>
            <item>Genesis<tag>out.action.artist = "Genesis"</tag></item>
            <item>George Michael<tag>out.action.artist = "George Michael"</tag></item>
            <item>Georges Brassens<tag>out.action.artist = "Georges Brassens"</tag></item>
            <item>Thiefaine<tag>out.action.artist = "Thiefaine"</tag></item>
            <item>Images<tag>out.action.artist = "Images"</tag></item>
            <item>Imagination<tag>out.action.artist = "Imagination"</tag></item>
            <item>Incubus<tag>out.action.artist = "Incubus"</tag></item>
            <item>Indochine<tag>out.action.artist = "Indochine"</tag></item>
            <item>Gérald de Palmas<tag>out.action.artist = "Gérald de Palmas"</tag></item>
            <item>Leona Lewis<tag>out.action.artist = "Leona Lewis"</tag></item>
            <item>Jacques Brel<tag>out.action.artist = "Jacques Brel"</tag></item>
            <item>Jacques Dutronc<tag>out.action.artist = "Jacques Dutronc"</tag></item>
            <item>Jacques Higelin<tag>out.action.artist = "Jacques Higelin"</tag></item>
            <item>James Blunt<tag>out.action.artist = "James Blunt"</tag></item>
            <item>pas d'artiste<tag>out.action.artist = "pas d'artiste"</tag></item>
            <item>Jamiroquai<tag>out.action.artist = "Jamiroquai"</tag></item>
            <item>Jason Mraz<tag>out.action.artist = "Jason Mraz"</tag></item>
            <item>Jeanne Mas<tag>out.action.artist = "Jeanne Mas"</tag></item>
            <item>Jimmy Somerville<tag>out.action.artist = "Jimmy Somerville"</tag></item>
            <item>Joe Cocker<tag>out.action.artist = "Joe Cocker"</tag></item>
            <item>Joe Dassin<tag>out.action.artist = "Joe Dassin"</tag></item>
            <item>Joe Satriani<tag>out.action.artist = "Joe Satriani"</tag></item>
            <item>John Barry<tag>out.action.artist = "John Barry"</tag></item>
            <item>John Lee Hooker<tag>out.action.artist = "John Lee Hooker"</tag></item>
            <item>John Lennon<tag>out.action.artist = "John Lennon"</tag></item>
            <item>Johnny Hallyday<tag>out.action.artist = "Johnny Hallyday"</tag></item>
            <item>Julien Clerc<tag>out.action.artist = "Julien Clerc"</tag></item>
            <item>Justin Nozuka<tag>out.action.artist = "Justin Nozuka"</tag></item>
            <item>K's Choice<tag>out.action.artist = "K's Choice"</tag></item>
            <item>Kim Wilde<tag>out.action.artist = "Kim Wilde"</tag></item>
            <item>Korn<tag>out.action.artist = "Korn"</tag></item>
            <item>Lady Gaga<tag>out.action.artist = "Lady Gaga"</tag></item>
            <item>Laurent Voulzy<tag>out.action.artist = "Laurent Voulzy"</tag></item>
            <item>Led Zeppelin<tag>out.action.artist = "Led Zeppelin"</tag></item>
            <item>Lene Marlin<tag>out.action.artist = "Lene Marlin"</tag></item>
            <item>Lenny Kravitz<tag>out.action.artist = "Lenny Kravitz"</tag></item>
            <item>Les Negresses Vertes<tag>out.action.artist = "Les Negresses Vertes"</tag></item>
            <item>Lionel Ritchie<tag>out.action.artist = "Lionel Ritchie"</tag></item>
            <item>Bertignac<tag>out.action.artist = "Bertignac"</tag></item>
            <item>Louise Attaque<tag>out.action.artist = "Louise Attaque"</tag></item>
            <item>Luke<tag>out.action.artist = "Luke"</tag></item>
            <item>Madonna<tag>out.action.artist = "Madonna"</tag></item>
            <item>Manau<tag>out.action.artist = "Manau"</tag></item>
            <item>Manu Chao<tag>out.action.artist = "Manu Chao"</tag></item>
            <item>Mariah Carey<tag>out.action.artist = "Mariah Carey"</tag></item>
            <item>Mark Curry<tag>out.action.artist = "Mark Curry"</tag></item>
            <item>Mark Knopfler<tag>out.action.artist = "Mark Knopfler"</tag></item>
            <item>Mark Knopfler and Friends<tag>out.action.artist = "Mark Knopfler &amp; Friends"</tag></item>
            <item>Mark Knopfler and James Taylor<tag>out.action.artist = "Mark Knopfler &amp; James Taylor"</tag></item>
            <item>2 Live Crew<tag>out.action.artist = "2 Live Crew"</tag></item>
            <item>R Kelly<tag>out.action.artist = "R Kelly"</tag></item>
            <item>Martika<tag>out.action.artist = "Martika"</tag></item>
            <item>Marvin Gaye<tag>out.action.artist = "Marvin Gaye"</tag></item>
            <item>Matmatah<tag>out.action.artist = "Matmatah"</tag></item>
            <item>Mc Solaar<tag>out.action.artist = "Mc Solaar"</tag></item>
            <item>Various<tag>out.action.artist = "Various"</tag></item>
            <item>Michael Jackson<tag>out.action.artist = "Michael Jackson"</tag></item>
            <item>Michel Delpech<tag>out.action.artist = "Michel Delpech"</tag></item>
            <item>Michel Fugain<tag>out.action.artist = "Michel Fugain"</tag></item>
            <item>Midnight Oil<tag>out.action.artist = "Midnight Oil"</tag></item>
            <item>Mika<tag>out.action.artist = "Mika"</tag></item>
            <item>Miles Davis<tag>out.action.artist = "Miles Davis"</tag></item>
            <item>Murray Head<tag>out.action.artist = "Murray Head"</tag></item>
            <item>Mylene Farmer<tag>out.action.artist = "Mylene Farmer"</tag></item>
            <item>Natalie Imbruglia<tag>out.action.artist = "Natalie Imbruglia"</tag></item>
            <item>Natasha St-Pier<tag>out.action.artist = "Natasha St-Pier"</tag></item>
            <item>Natacha St-Pier<tag>out.action.artist = "Natacha St-Pier"</tag></item>
            <item>Nina Simone<tag>out.action.artist = "Nina Simone"</tag></item>
            <item>Nirvana<tag>out.action.artist = "Nirvana"</tag></item>
            <item>Noa<tag>out.action.artist = "Noa"</tag></item>
            <item>Noir Désir<tag>out.action.artist = "Noir Désir"</tag></item>
            <item>Norah Jones<tag>out.action.artist = "Norah Jones"</tag></item>
            <item>The Offspring<tag>out.action.artist = "The Offspring"</tag></item>
            <item>Olivia Ruiz<tag>out.action.artist = "Olivia Ruiz"</tag></item>
            <item>Otis Redding<tag>out.action.artist = "Otis Redding"</tag></item>
            <item>Pascal Obispo<tag>out.action.artist = "Pascal Obispo"</tag></item>
            <item>Patricia Kaas<tag>out.action.artist = "Patricia Kaas"</tag></item>
            <item>Patrick Bruel<tag>out.action.artist = "Patrick Bruel"</tag></item>
            <item>Peter Gabriel<tag>out.action.artist = "Peter Gabriel"</tag></item>
            <item>Petula Clark<tag>out.action.artist = "Petula Clark"</tag></item>
            <item>Phil Collins<tag>out.action.artist = "Phil Collins"</tag></item>
            <item>Philippe Sarde<tag>out.action.artist = "Philippe Sarde"</tag></item>
            <item>Pierpoljak<tag>out.action.artist = "Pierpoljak"</tag></item>
            <item>Pierre Bachelet<tag>out.action.artist = "Pierre Bachelet"</tag></item>
            <item>Pink Floyd<tag>out.action.artist = "Pink Floyd"</tag></item>
            <item>Pixies<tag>out.action.artist = "Pixies"</tag></item>
            <item>Eve 6<tag>out.action.artist = "Eve 6"</tag></item>
            <item>The get-up kids<tag>out.action.artist = "The get-up kids"</tag></item>
            <item>far<tag>out.action.artist = "far"</tag></item>
            <item>Braid<tag>out.action.artist = "Braid"</tag></item>
            <item>Superdrag<tag>out.action.artist = "Superdrag"</tag></item>
            <item>Teens Heroes<tag>out.action.artist = "Teens Heroes"</tag></item>
            <item>local H<tag>out.action.artist = "local H"</tag></item>
            <item>Reel Big Fish<tag>out.action.artist = "Reel Big Fish"</tag></item>
            <item>The Siren Six!<tag>out.action.artist = "The Siren Six!"</tag></item>
            <item>Nada Surf<tag>out.action.artist = "Nada Surf"</tag></item>
            <item>Promise Ring<tag>out.action.artist = "Promise Ring"</tag></item>
            <item>Samiam<tag>out.action.artist = "Samiam"</tag></item>
            <item>Weston<tag>out.action.artist = "Weston"</tag></item>
            <item>Sense Field<tag>out.action.artist = "Sense Field"</tag></item>
            <item>Placebo<tag>out.action.artist = "Placebo"</tag></item>
            <item>Pow wow<tag>out.action.artist = "Pow wow"</tag></item>
            <item>Queen<tag>out.action.artist = "Queen"</tag></item>
            <item>R.E.M.<tag>out.action.artist = "R.E.M."</tag></item>
            <item>Radio Saigon<tag>out.action.artist = "Radio Saigon"</tag></item>
            <item>RadioHead<tag>out.action.artist = "RadioHead"</tag></item>
            <item>Raphael<tag>out.action.artist = "Raphael"</tag></item>
            <item>Raphaël<tag>out.action.artist = "Raphaël"</tag></item>
            <item>Ray Lynch<tag>out.action.artist = "Ray Lynch"</tag></item>
            <item>Red Hot Chili Peppers<tag>out.action.artist = "Red Hot Chili Peppers"</tag></item>
            <item>Renan Luce<tag>out.action.artist = "Renan Luce"</tag></item>
            <item>Renaud<tag>out.action.artist = "Renaud"</tag></item>
            <item>Un Olympia pour moi tout seul<tag>out.action.artist = "Un Olympia pour moi tout seul"</tag></item>
            <item>RENADU<tag>out.action.artist = "RENADU"</tag></item>
            <item>René Aubry<tag>out.action.artist = "René Aubry"</tag></item>
            <item>Riké<tag>out.action.artist = "Riké"</tag></item>
            <item>Richard Ashcroft<tag>out.action.artist = "Richard Ashcroft"</tag></item>
            <item>Rondo' Veneziano<tag>out.action.artist = "Rondo' Veneziano"</tag></item>
            <item>Roxette<tag>out.action.artist = "Roxette"</tag></item>
            <item>Roy Orbison And Friends<tag>out.action.artist = "Roy Orbison And Friends"</tag></item>
            <item>Ry Cooder<tag>out.action.artist = "Ry Cooder"</tag></item>
            <item>Saez<tag>out.action.artist = "Saez"</tag></item>
            <item>Saez Damien<tag>out.action.artist = "Saez Damien"</tag></item>
            <item>Saint-Preux<tag>out.action.artist = "Saint-Preux"</tag></item>
            <item>Santana<tag>out.action.artist = "Santana"</tag></item>
            <item>Serge Perathoner<tag>out.action.artist = "Serge Perathoner"</tag></item>
            <item>Shane MacGowan<tag>out.action.artist = "Shane MacGowan"</tag></item>
            <item>Shania Twain<tag>out.action.artist = "Shania Twain"</tag></item>
            <item>Sheryl Crow<tag>out.action.artist = "Sheryl Crow"</tag></item>
            <item>Simon And Garfunkel<tag>out.action.artist = "Simon And Garfunkel"</tag></item>
            <item>Sinead Lohan<tag>out.action.artist = "Sinead Lohan"</tag></item>
            <item>Sinéad O'Connor<tag>out.action.artist = "Sinéad O'Connor"</tag></item>
            <item>Artiste inconnu<tag>out.action.artist = "Artiste inconnu"</tag></item>
            <item>Sinsemilia<tag>out.action.artist = "Sinsemilia"</tag></item>
            <item>Smashing Pumpkins<tag>out.action.artist = "Smashing Pumpkins"</tag></item>
            <item>Solas<tag>out.action.artist = "Solas"</tag></item>
            <item>Sophie Zelmani<tag>out.action.artist = "Sophie Zelmani"</tag></item>
            <item>Alex de Grassi<tag>out.action.artist = "Alex de Grassi"</tag></item>
            <item>Aston Villa<tag>out.action.artist = "Aston Villa"</tag></item>
            <item>Bon Jovi/Bruce Springsteen<tag>out.action.artist = "Bon Jovi/Bruce Springsteen"</tag></item>
            <item>Cold<tag>out.action.artist = "Cold"</tag></item>
            <item>DMB W/Phish and Guster<tag>out.action.artist = "DMB W/Phish and Guster"</tag></item>
            <item>Dave Matthews Band<tag>out.action.artist = "Dave Matthews Band"</tag></item>
            <item>Divers<tag>out.action.artist = "Divers"</tag></item>
            <item>The Eagles<tag>out.action.artist = "The Eagles"</tag></item>
            <item>Emma Daumas<tag>out.action.artist = "Emma Daumas"</tag></item>
            <item>Eric Clapton<tag>out.action.artist = "Eric Clapton"</tag></item>
            <item>Graham Colton<tag>out.action.artist = "Graham Colton"</tag></item>
            <item>Guns N Roses<tag>out.action.artist = "Guns N Roses"</tag></item>
            <item>Hoobastank<tag>out.action.artist = "Hoobastank"</tag></item>
            <item>Incubus - Acoustic - 05<tag>out.action.artist = "Incubus - Acoustic - 05"</tag></item>
            <item>Jimi Hendrix<tag>out.action.artist = "Jimi Hendrix"</tag></item>
            <item>John Meyer<tag>out.action.artist = "John Meyer"</tag></item>
            <item>Jon Bon Jovi<tag>out.action.artist = "Jon Bon Jovi"</tag></item>
            <item>Lifehouse<tag>out.action.artist = "Lifehouse"</tag></item>
            <item>Live<tag>out.action.artist = "Live"</tag></item>
            <item>Marillion<tag>out.action.artist = "Marillion"</tag></item>
            <item>Maroon5<tag>out.action.artist = "Maroon5"</tag></item>
            <item>Matchbox 20<tag>out.action.artist = "Matchbox 20"</tag></item>
            <item>Metalica w/ Chris Issac<tag>out.action.artist = "Metalica w/ Chris Issac"</tag></item>
            <item>Metallica<tag>out.action.artist = "Metallica"</tag></item>
            <item>OASIS<tag>out.action.artist = "OASIS"</tag></item>
            <item>Pearl Jam<tag>out.action.artist = "Pearl Jam"</tag></item>
            <item>Radiohead and Portishead<tag>out.action.artist = "Radiohead &amp; Portishead"</tag></item>
            <item>Saves the Day<tag>out.action.artist = "Saves the Day"</tag></item>
            <item>Sister Hazel<tag>out.action.artist = "Sister Hazel"</tag></item>
            <item>Staind<tag>out.action.artist = "Staind"</tag></item>
            <item>Sting and Alanis Morissette<tag>out.action.artist = "Sting and Alanis Morissette"</tag></item>
            <item>Sublime (Accoustic)<tag>out.action.artist = "Sublime (Accoustic)"</tag></item>
            <item>Suzanne Vega<tag>out.action.artist = "Suzanne Vega"</tag></item>
            <item>The Cure<tag>out.action.artist = "The Cure"</tag></item>
            <item>Tori Amos<tag>out.action.artist = "Tori Amos"</tag></item>
            <item>Foo Fighters<tag>out.action.artist = "Foo Fighters"</tag></item>
            <item>Tracy Chapman<tag>out.action.artist = "Tracy Chapman"</tag></item>
            <item>Travis<tag>out.action.artist = "Travis"</tag></item>
            <item>artist<tag>out.action.artist = "artist"</tag></item>
            <item>red hot chilli peppers<tag>out.action.artist = "red hot chilli peppers"</tag></item>
            <item>Starmania<tag>out.action.artist = "Starmania"</tag></item>
            <item>Steve Tyrell<tag>out.action.artist = "Steve Tyrell"</tag></item>
            <item>Stray Cats<tag>out.action.artist = "Stray Cats"</tag></item>
            <item>Susanna Hoffs<tag>out.action.artist = "Susanna Hoffs"</tag></item>
            <item>Tanita Tikaram<tag>out.action.artist = "Tanita Tikaram"</tag></item>
            <item>Tarmac<tag>out.action.artist = "Tarmac"</tag></item>
            <item>Tears for Fears<tag>out.action.artist = "Tears for Fears"</tag></item>
            <item>Telephone<tag>out.action.artist = "Telephone"</tag></item>
            <item>Téléphone<tag>out.action.artist = "Téléphone"</tag></item>
            <item>Ten Sharp<tag>out.action.artist = "Ten Sharp"</tag></item>
            <item>Texas<tag>out.action.artist = "Texas"</tag></item>
            <item>Texas Harmonica Rumble<tag>out.action.artist = "Texas Harmonica Rumble"</tag></item>
            <item>Tété<tag>out.action.artist = "Tété"</tag></item>
            <item>The Beatles<tag>out.action.artist = "The Beatles"</tag></item>
            <item>The Chieftains<tag>out.action.artist = "The Chieftains"</tag></item>
            <item>The Christians<tag>out.action.artist = "The Christians"</tag></item>
            <item>The Corrs<tag>out.action.artist = "The Corrs"</tag></item>
            <item>The Cranberries<tag>out.action.artist = "The Cranberries"</tag></item>
            <item>The Drummers Of Burundi<tag>out.action.artist = "The Drummers Of Burundi"</tag></item>
            <item>The Kooks<tag>out.action.artist = "The Kooks"</tag></item>
            <item>The Matrix<tag>out.action.artist = "The Matrix"</tag></item>
            <item>The Moody Blues<tag>out.action.artist = "The Moody Blues"</tag></item>
            <item>The Notting Hillbilies<tag>out.action.artist = "The Notting Hillbilies"</tag></item>
            <item>The Platters<tag>out.action.artist = "The Platters"</tag></item>
            <item>The Pogues<tag>out.action.artist = "The Pogues"</tag></item>
            <item>The Rolling Stones<tag>out.action.artist = "The Rolling Stones"</tag></item>
            <item>Sting and The Police<tag>out.action.artist = "Sting &amp; The Police"</tag></item>
            <item>The White Stripes<tag>out.action.artist = "The White Stripes"</tag></item>
            <item>Thomas Dutronc<tag>out.action.artist = "Thomas Dutronc"</tag></item>
            <item>Thomas Otten<tag>out.action.artist = "Thomas Otten"</tag></item>
            <item>Tina  Arena<tag>out.action.artist = "Tina  Arena"</tag></item>
            <item>Toni Childs<tag>out.action.artist = "Toni Childs"</tag></item>
            <item>Toto<tag>out.action.artist = "Toto"</tag></item>
            <item>Tracy Bonham<tag>out.action.artist = "Tracy Bonham"</tag></item>
            <item>Tri Yann<tag>out.action.artist = "Tri Yann"</tag></item>
            <item>Trisan<tag>out.action.artist = "Trisan"</tag></item>
            <item>Triskell<tag>out.action.artist = "Triskell"</tag></item>
            <item>Tryo<tag>out.action.artist = "Tryo"</tag></item>
            <item>Tunng<tag>out.action.artist = "Tunng"</tag></item>
            <item>UB40<tag>out.action.artist = "UB40"</tag></item>
            <item>Vanessa Mae<tag>out.action.artist = "Vanessa Mae"</tag></item>
            <item>Vanessa Paradis<tag>out.action.artist = "Vanessa Paradis"</tag></item>
            <item>Vangelis<tag>out.action.artist = "Vangelis"</tag></item>
            <item>Various Artists From Real World<tag>out.action.artist = "Various Artists From Real World"</tag></item>
            <item>Vaya Con Dios<tag>out.action.artist = "Vaya Con Dios"</tag></item>
            <item>Veronique Sanson<tag>out.action.artist = "Veronique Sanson"</tag></item>
            <item>Vonda Shepard<tag>out.action.artist = "Vonda Shepard"</tag></item>
            <item>Wilson Phillips<tag>out.action.artist = "Wilson Phillips"</tag></item>
            <item>Yannick Noah<tag>out.action.artist = "Yannick Noah"</tag></item>
            <item>Yves Simon<tag>out.action.artist = "Yves Simon"</tag></item>
            <item>Zazie<tag>out.action.artist = "Zazie"</tag></item>
            <item>ZZ Top<tag>out.action.artist = "ZZ Top"</tag></item>
            <item>Soundtrack<tag>out.action.artist = "Soundtrack"</tag></item>
            <item>The Bee Gees<tag>out.action.artist = "The Bee Gees"</tag></item>
            <item>Benabar<tag>out.action.artist = "Benabar"</tag></item>
            <item>Original Soundtrack<tag>out.action.artist = "Original Soundtrack"</tag></item>
            <item>Jazzy Sexy Soul<tag>out.action.artist = "Jazzy Sexy Soul"</tag></item>
            <item>Le Plus Grand Dancefloor Du Monde 2<tag>out.action.artist = "Le Plus Grand Dancefloor Du Monde 2"</tag></item>
            <item>Eagle-Eye Cherry<tag>out.action.artist = "Eagle-Eye Cherry"</tag></item>
            <item>P!nk<tag>out.action.artist = "P!nk"</tag></item>
            <item>Luciano Pavarotti/Boyzone/Mariah Carey/Joe Cocker<tag>out.action.artist = "Luciano Pavarotti/Boyzone/Mariah Carey/Joe Cocker"</tag></item>
            <item>Sophie Ellis-Bextor<tag>out.action.artist = "Sophie Ellis-Bextor"</tag></item>
            <item>Nickelback<tag>out.action.artist = "Nickelback"</tag></item>
            <item>金曲<tag>out.action.artist = "金曲"</tag></item>
            <item>Caesars<tag>out.action.artist = "Caesars"</tag></item>
            <item>Jamie Cullum<tag>out.action.artist = "Jamie Cullum"</tag></item>
            <item>R. Kelly<tag>out.action.artist = "R. Kelly"</tag></item>
            <item>The Isley Brothers<tag>out.action.artist = "The Isley Brothers"</tag></item>
            <item>The Dramatics<tag>out.action.artist = "The Dramatics"</tag></item>
            <item>MTV Unplugged<tag>out.action.artist = "MTV Unplugged"</tag></item>
            <item>Simon and Garfunkel<tag>out.action.artist = "Simon &amp; Garfunkel"</tag></item>
            <item>Zebda<tag>out.action.artist = "Zebda"</tag></item>
            <item>The Smashing Pumpkins<tag>out.action.artist = "The Smashing Pumpkins"</tag></item>
            <item>Eagles<tag>out.action.artist = "Eagles"</tag></item>
            <item>Various Artists<tag>out.action.artist = "Various Artists"</tag></item>
            <item>Original TV Soundtrack<tag>out.action.artist = "Original TV Soundtrack"</tag></item>
            <item>Drummers Of Burundi<tag>out.action.artist = "Drummers Of Burundi"</tag></item>
            <item>The Notting Hillbillies<tag>out.action.artist = "The Notting Hillbillies"</tag></item>
            <item>Rolling Stones<tag>out.action.artist = "Rolling Stones"</tag></item>
            <item>Sting<tag>out.action.artist = "Sting"</tag></item>
            <item>Tina Arena<tag>out.action.artist = "Tina Arena"</tag></item>
            <item>Tryö<tag>out.action.artist = "Tryö"</tag></item>
            <item>Vanessa-Mae<tag>out.action.artist = "Vanessa-Mae"</tag></item>
            <item>Véronique Sanson<tag>out.action.artist = "Véronique Sanson"</tag></item>
            <!-- ¤IMPORTartiste¤ END Automatic Generation Artist -->
		</one-of>
	</rule>
  
	<rule id="ruleXBMC_search" scope="public">
		<example>SARAH recherche * dans les musiques</example>
		<tag>out.action=new Object();</tag>
		<tag>out.action.xbmc="music" </tag>
		<tag>out.action.action="playlist";</tag>
		<item>recherche</item><ruleref special="GARBAGE" /><item>dans les  musiques</item>
		<tag>out._attributes.dictation="true";</tag> 
	</rule>

	<rule id="ruleXBMC_Serie" scope="public">
		<example>SARAH met le prochain épisode des simpsons</example>
		<tag>out.action=new Object();</tag>
		<tag>out.action.xbmc="video" </tag>
		<item>met le prochain épisode de<tag>out.action.action="tvshowtitle";</tag></item>
		<one-of>
			<!-- Personalisation Série ¤PERSOseries¤ -->
            <item>L'ail tout mie<tag>out.action.showid = "8"</tag></item>
            <item>aouse<tag>out.action.showid = "13"</tag></item>
            <item>Héro Corp<tag>out.action.showid = "11"</tag></item>
            <item>Dextère<tag>out.action.showid = "4"</tag></item>
			<!-- ¤PERSOseries¤ Fin de personalisation Série -->
 			<!-- Automatic Generation Serie ¤IMPORTseries¤ -->
            <item>Better Off Ted<tag>out.action.showid = "1"</tag></item>
            <item>Braquo<tag>out.action.showid = "2"</tag></item>
            <item>Desperate Housewives<tag>out.action.showid = "3"</tag></item>
            <item>Dexter<tag>out.action.showid = "4"</tag></item>
            <item>FlashForward<tag>out.action.showid = "12"</tag></item>
            <item>Hero Corp<tag>out.action.showid = "11"</tag></item>
            <item>Human Target<tag>out.action.showid = "14"</tag></item>
            <item>Kaamelott<tag>out.action.showid = "7"</tag></item>
            <item>NCIS<tag>out.action.showid = "9"</tag></item>
            <item>Terra Nova<tag>out.action.showid = "10"</tag></item>
            <!-- ¤IMPORTseries¤ Automatic Generation Serie -->
		</one-of>
	</rule>
</grammar>
 