﻿<grammar version="1.0" xml:lang="fr-FR" mode="voice" root="lazyruleXBMC" xmlns="http://www.w3.org/2001/06/grammar" tag-format="semantics/1.0">
  
<rule id="lazyruleXBMC" scope="public">
		<tag>out.action=new Object(); confidence="0.6" </tag>
		<tag>out.action.xbmc="video" </tag>
		<one-of>
<!-- ************************************************ Désactivation du mode xbmc ***************************************** -->
		<item>
				Merci ça sera tout, SARAH
				<tag>out.action._attributes.context = "default"</tag>
				<tag>out.action._attributes.tts = "mais de rien!"</tag>
		</item>

<!-- ************************************************ Déplacement Droite  Gauche... ***************************************** -->
<!-- **** Doite ***** -->
	<item>droite<tag>out.action.action="ExecuteAction";out.action.value="right";</tag></item>
	<item>à droite<tag>out.action.action="ExecuteAction";out.action.value="right";</tag></item>
	<item>deuxième à droite<tag>out.action.action="ExecuteAction";out.action.value="right";out.action.repeter=2;</tag></item>
	<item>troisième à droite<tag>out.action.action="ExecuteAction";out.action.value="right";out.action.repeter=3;</tag></item>
	<item>quatrième à droite<tag>out.action.action="ExecuteAction";out.action.value="right";out.action.repeter=4;</tag></item>
	<item>cinquième à droite<tag>out.action.action="ExecuteAction";out.action.value="right";out.action.repeter=5;</tag></item>
<!-- **** Gauche ***** -->
	<item>gauche<tag>out.action.action="ExecuteAction";out.action.value="left";</tag></item>
	<item>à gauche<tag>out.action.action="ExecuteAction";out.action.value="left";</tag></item>
	<item>deuxième à gauche<tag>out.action.action="ExecuteAction";out.action.value="left";out.action.repeter=2;</tag></item>
	<item>troisième à gauche<tag>out.action.action="ExecuteAction";out.action.value="left";out.action.repeter=3;</tag></item>
	<item>quatrième à gauche<tag>out.action.action="ExecuteAction";out.action.value="left";out.action.repeter=4;</tag></item>
	<item>cinquième à gauche<tag>out.action.action="ExecuteAction";out.action.value="left";out.action.repeter=5;</tag></item>
<!-- **** Haut ***** -->
	<item>remonte<tag>out.action.action="ExecuteAction";out.action.value="up";</tag></item>
	<item>monte<tag>out.action.action="ExecuteAction";out.action.value="up";</tag></item>
	<item>page suivante<tag>out.action.action="ExecuteAction";out.action.value="pagedown";</tag></item>
	<item>va plus haut<tag>out.action.action="ExecuteAction";out.action.value="scrollup";out.action.repeter=10;</tag></item>
	<item>plus haut<tag>out.action.action="ExecuteAction";out.action.value="scrollup";out.action.repeter=10;</tag></item>
	<item>au dessus<tag>out.action.action="ExecuteAction";out.action.value="up";</tag></item>
	<item>deuxième au dessus<tag>out.action.action="ExecuteAction";out.action.value="up";out.action.repeter=2;</tag></item>
	<item>troisième au dessus<tag>out.action.action="ExecuteAction";out.action.value="up";out.action.repeter=3;</tag></item>
	<item>quatrième au dessus<tag>out.action.action="ExecuteAction";out.action.value="up";out.action.repeter=4;</tag></item>
	<item>cinquième au dessus<tag>out.action.action="ExecuteAction";out.action.value="up";out.action.repeter=5;</tag></item>
<!-- **** Bas ***** -->
	<item>descend<tag>out.action.action="ExecuteAction";out.action.value="down";</tag></item>
	<item>redescend<tag>out.action.action="ExecuteAction";out.action.value="down";</tag></item>
	<item>page précédente<tag>out.action.action="ExecuteAction";out.action.value="pageup";</tag></item>
	<item>plus bas<tag>out.action.action="ExecuteAction";out.action.value="scrolldown";out.action.repeter=10;</tag></item>
	<item>va plus bas<tag>out.action.action="ExecuteAction";out.action.value="scrolldown";out.action.repeter=10;</tag></item>
	<item>au dessous<tag>out.action.action="ExecuteAction";out.action.value="down";</tag></item>
	<item>deuxième au dessous<tag>out.action.action="ExecuteAction";out.action.value="down";out.action.repeter=2;</tag></item>
	<item>troisième au dessous<tag>out.action.action="ExecuteAction";out.action.value="down";out.action.repeter=3;</tag></item>
	<item>quatrième au dessous<tag>out.action.action="ExecuteAction";out.action.value="down";out.action.repeter=4;</tag></item>
	<item>cinquième au dessous<tag>out.action.action="ExecuteAction";out.action.value="down";out.action.repeter=5;</tag></item>
        <item>deuxième en dessous<tag>out.action.action="ExecuteAction";out.action.value="down";out.action.repeter=2;</tag></item>
	<item>troisième en dessous<tag>out.action.action="ExecuteAction";out.action.value="down";out.action.repeter=3;</tag></item>
	<item>quatrième en dessous<tag>out.action.action="ExecuteAction";out.action.value="down";out.action.repeter=4;</tag></item>
	<item>cinquième en dessous<tag>out.action.action="ExecuteAction";out.action.value="down";out.action.repeter=5;</tag></item>
<!-- **** saut vers debut, fin, lettre... -->
	<item>à la fin <tag>out.action.action="ExecuteAction";out.action.value="lastpage";</tag></item>
	<item>au début<tag>out.action.action="ExecuteAction";out.action.value="firstpage";</tag></item>
	<item>Lettre suivante<tag>out.action.action="ExecuteAction";out.action.value="nextletter";</tag></item>
	<item>Lettre précdente<tag>out.action.action="ExecuteAction";out.action.value="prevletter";</tag></item>

<!-- *************************************** Scrolling automatique (value= millisecondes) *********************************** -->
	<item>fait un scrolling<tag>out.action.action="scrolling_on";out.action.parameters="normal";out.action.value=800;</tag></item>
	<item>fait un scrolling avant<tag>out.action.action="scrolling_on";out.action.parameters="normal";out.action.value=800;</tag></item>
	<item>fait un scrolling avant rapide<tag>out.action.action="scrolling_on";out.action.parameters="normal";out.action.value=300;</tag></item>
	<item>fait un scrolling inverse<tag>out.action.action="scrolling_on";out.action.parameters="reverse";out.action.value=800;</tag></item>
	<item>fait un scrolling arrière<tag>out.action.action="scrolling_on";out.action.parameters="reverse";out.action.value=800;</tag></item>
	<item>arrête le scrolling<tag>out.action.action="scrolling_off"</tag></item>
	
<!-- ************************************************ Navigation dans xbmc ********************************************* -->
	<item>Importation des personnalisations<tag>out.action.action="personnalisation_to_json";</tag></item>
	<item>menu principal<tag>out.action.action="ActivateWindow";out.action.window="home";</tag></item>
	<item>affiche la télé<tag>out.action.action="ActivateWindow";out.action.window="tv";</tag></item>
	<item>affiche la météo<tag>out.action.action="ActivateWindow";out.action.window="weather";</tag></item>
	<item>affiche les séries<tag>out.action.action="ActivateWindow";out.action.window="video";out.action.parameters="TvShowTitles";</tag></item>
	<item>affiche  les films<tag>out.action.action="ActivateWindow";out.action.window="video";out.action.parameters="MovieTitles";</tag></item>
	<item>affiche  les musiques<tag>out.action.action="ActivateWindow";out.action.window="musiclibrary"</tag></item>
	<item>affiche  les musiques par albums<tag>out.action.action="ActivateWindow";out.action.window="musiclibrary";out.action.parameters="Albums";</tag></item>
	<item>affiche  les musiques par artistes<tag>out.action.action="ActivateWindow";out.action.window="musiclibrary";out.action.parameters="Artists";</tag></item>
	<item>Sous menu<tag>out.action.action="ExecuteAction";out.action.value="contextmenu";</tag></item>
	<item>Retour<tag>out.action.action="ExecuteAction";out.action.value="back";</tag></item>
	<item>Info<tag>out.action.action="ExecuteAction";out.action.value="info";</tag></item>
	<item>ferme la fenetre<tag>out.action.action="ExecuteAction";out.action.value="previousmenu";</tag></item> <!-- pour fermer fenetre rechercher par exemple -->
	<item>analyse le contenu<tag>out.action.action="analyse_le_contenu";</tag></item>
	<item>Marquer comme vu<tag>out.action.action="ExecuteAction";out.action.value="togglewatched";</tag></item>

<!-- ************************************************** Addons  ********************************************* -->
	<item>Affiche les radios<tag>out.action.action="ExecuteAddon";out.action.parameters="plugin.audio.radio_de";out.action.value=1000;</tag></item>
	<item>Affiche YouTube<tag>out.action.action="ExecuteAddon";out.action.parameters="plugin.video.youtube";out.action.value=2000;</tag></item>
	
<!-- ************************************************ Valider/OK  ********************************************* -->
	<item>choisi<tag>out.action.action="Select";</tag></item>
	<item>valider<tag>out.action.action="Select";</tag></item>
	<item>valide<tag>out.action.action="Select";</tag></item>
	<item>ok<tag>out.action.action="Select";</tag></item>
	<item>select<tag>out.action.action="Select";</tag></item>
	<item>sélectionner<tag>out.action.action="ExecuteAction";out.action.value="highlight"</tag></item>   <!-- permet de sélectionner l'item lorsque le focus est nul part!-->

<!-- ************************************************ ViewMode  ********************************************* -->
	<item>affichage en liste<tag>out.action.action="goto_leftmenu";out.action.value="Vue : liste";</tag></item>
	<item>affichage en vignette<tag>out.action.action="goto_leftmenu";out.action.value="Vue : vignette";</tag></item>
	<item>affichage en affiches<tag>out.action.action="goto_leftmenu";out.action.value="Vue : galerie d'affiches";</tag></item>
	<item>affichage large<tag>out.action.action="goto_leftmenu";out.action.value="Vue : large";</tag></item>
	<item>affichage Fanart<tag>out.action.action="goto_leftmenu";out.action.value="Vue : fanart";</tag></item>
	<item>affichage suivant<tag>out.action.action="viewmode";out.action.value="next";</tag></item>

	<item>Trier par année<tag>out.action.action="goto_leftmenu";out.action.value="Trier par : année";</tag></item>
	<item>Trier par titre<tag>out.action.action="goto_leftmenu";out.action.value="Trier par : titre";</tag></item>
	<item>Trier par épisode<tag>out.action.action="goto_leftmenu";out.action.value="Trier par : épisode";</tag></item>
	<item>Trier par durée<tag>out.action.action="goto_leftmenu";out.action.value="Trier par : durée";</tag></item>
	<item>Trier par intérêt<tag>out.action.action="goto_leftmenu";out.action.value="Trier par : intérêt";</tag></item>

	<item>affiche les chaine TV<tag>out.action.action="goto_leftmenu";out.action.value="Chaînes TV";</tag></item>
	<item>affiche les chaine Radio<tag>out.action.action="goto_leftmenu";out.action.value="Chaînes Radio";</tag></item>
	<item>affiche les programmes<tag>out.action.action="goto_leftmenu";out.action.value="Guide des Programmes: Maintenant";</tag></item>
	<item>affiche les programmes suivant<tag>out.action.action="goto_leftmenu";out.action.value="Guide des Programmes: Suivant";</tag></item>
	<item>affiche les programmes chronologie<tag>out.action.action="goto_leftmenu";out.action.value="Guide des Programmes: Chronologie";</tag></item>
	<item>affiche les enregistrements<tag>out.action.action="goto_leftmenu";out.action.value="Enregistrements ";</tag></item> <!-- Attention ESPACE après enregistrement sinon ça ne marche pas-->

	
	<item>Trie ascendant<tag>out.action.action="goto_leftmenu";out.action.value="Tri : ascendant";</tag></item>
	<item>Trie descendant<tag>out.action.action="goto_leftmenu";out.action.value="Tri : descendant";</tag></item>
	<!-- ************************************************ Play list  ********************************************* -->
	<item>play liste<tag>out.action.action="ExecuteAction";out.action.value="playlist";</tag></item>
	<item>ajoute ça<tag>out.action.action="ExecuteAction";out.action.value="queue";</tag></item>
	<item>enlève ça<tag>out.action.action="ExecuteAction";out.action.value="delete";</tag></item>
	<item>enlève ça et les deux suivantes<tag>out.action.action="ExecuteAction";out.action.value="delete";out.action.repeter=2;</tag></item>
	<item>enlève ça et les trois suivantes<tag>out.action.action="ExecuteAction";out.action.value="delete";out.action.repeter=3;</tag></item>
	<item>enlève ça et les quattre suivantes<tag>out.action.action="ExecuteAction";out.action.value="delete";out.action.repeter=4;</tag></item>
	<item>suivante<tag>out.action.action="ExecuteAction";out.action.value="skipnext";</tag></item>
	<item>précédent<tag>out.action.action="ExecuteAction";out.action.value="skipprevious";</tag></item>
	
<!-- ************************************************ Fonction dans le Player  ********************************************* -->
	<item>lecture<tag>out.action.action="ExecuteAction";out.action.value="play";</tag></item>
	<item>pause<tag>out.action.action="ExecuteAction";out.action.value="pause";</tag></item>
	<item>met en pause<tag>out.action.action="ExecuteAction";out.action.value="pause";</tag></item>
        <item>met en pause la musique<tag>out.action.action="ExecuteAction";out.action.value="pause";</tag></item>
        <item>met en pause la lecture<tag>out.action.action="ExecuteAction";out.action.value="pause";</tag></item>
	<item>stop<tag>out.action.action="ExecuteAction";out.action.value="stop";</tag></item>
	<item>arrête la lecture<tag>out.action.action="ExecuteAction";out.action.value="stop";</tag></item>
	<item>en arrière<tag>out.action.action="ExecuteAction";out.action.value="rewind";</tag></item>
	<item>en arrière rapidement<tag>out.action.action="ExecuteAction";out.action.value="rewind";out.action.repeter=3;</tag></item>
	<item>en arrière très rapidement<tag>out.action.action="ExecuteAction";out.action.value="rewind";out.action.repeter=5;</tag></item>
	<item>en avant rapidement <tag>out.action.action="ExecuteAction";out.action.value="fastforward";out.action.repeter=3;</tag></item>
	<item>en avant très rapidement <tag>out.action.action="ExecuteAction";out.action.value="fastforward";out.action.repeter=5;</tag></item>
	<item>avance un peu<tag>out.action.action="ExecuteAction";out.action.value="stepforward";</tag></item>
	<item>recule un peu<tag>out.action.action="ExecuteAction";out.action.value="stepback";</tag></item>
	<item>saut en avant 10m<tag>out.action.action="ExecuteAction";out.action.value="bigstepforward";</tag></item>
	<item>saut en arrière 10m<tag>out.action.action="ExecuteAction";out.action.value="bigstepback";</tag></item>
	<!-- j'ai des soucis de reco avec zoom, donc : zoum -->
	<item>zoume avant<tag>out.action.action="ExecuteAction";out.action.value="zoomin";out.action.repeter=10;</tag></item>
	<item>gros zoume avant<tag>out.action.action="ExecuteAction";out.action.value="zoomin";out.action.repeter=20;</tag></item>
	<item>zoume arrière<tag>out.action.action="ExecuteAction";out.action.value="zoomout";out.action.repeter=10;</tag></item>
	<item>gros zoume arrière<tag>out.action.action="ExecuteAction";out.action.value="zoomout";out.action.repeter=20;</tag></item>
	<item>aucun zoume<tag>out.action.action="ExecuteAction";out.action.value="zoomnormal";</tag></item>
	<item>zoume normal<tag>out.action.action="ExecuteAction";out.action.value="zoomnormal";</tag></item>
	<item>active le mode aléatoire<tag>out.action.action="shuffle";out.action.value=1</tag></item>
	<item>enlève le mode aléatoire<tag>out.action.action="shuffle";out.action.value=0</tag></item>

<!-- ************************************************ Son  ********************************************* -->
	<item>monte franchement le son<tag>out.action.action="ExecuteAction";out.action.value="volumeup";out.action.repeter=15;</tag></item>
	<item>monte un peu le son<tag>out.action.action="ExecuteAction";out.action.value="volumeup";out.action.repeter=2;</tag></item>
	<item>baisse franchement le son<tag>out.action.action="ExecuteAction";out.action.value="volumedown";out.action.repeter=15;</tag></item>
	<item>baisse un peu le son<tag>out.action.action="ExecuteAction";out.action.value="volumedown";out.action.repeter=2;</tag></item>
	<item>coupe le son<tag>out.action.action="ExecuteAction";out.action.value="mute";</tag></item>
	<item>remet le son<tag>out.action.action="ExecuteAction";out.action.value="mute";</tag></item>
	<item>mets le son <tag>out.action.action="setvolume";</tag>
		<one-of>
			<item>à 10%<tag>out.action.value=10;</tag></item>
			<item>à 20%<tag>out.action.value=20;</tag></item>
			<item>à 30%<tag>out.action.value=30;</tag></item>
			<item>à 40%<tag>out.action.value=40;</tag></item>
			<item>à 50%<tag>out.action.value=50;</tag></item>
			<item>à 60%<tag>out.action.value=60;</tag></item>
			<item>à 70%<tag>out.action.value=70;</tag></item>
			<item>à 80%<tag>out.action.value=80;</tag></item>
			<item>à 90%<tag>out.action.value=90;</tag></item>
			<item>à 100%<tag>out.action.value=100;</tag></item>
		</one-of>
	</item>
	
<!-- ********************************************  Saisir du texte  ************************************** -->
	<item><ruleref uri="#lazyruleXBMC_sendText"/><tag>out.action = rules.lazyruleXBMC_sendText</tag></item>

<!-- ************************************  Demande d'info: whatIsPlaying  ************************************** -->
	<item>c'est quoi cette musique<tag>out.action.action="whatIsPlaying"</tag></item>
	<item>qu'est ce que j'écoute<tag>out.action.action="whatIsPlaying"</tag></item>
	<item>qu'est ce que je regarde<tag>out.action.action="whatIsPlaying"</tag></item>

<!-- ************************************************ le foutoir ... certain marche, d'autre non ********************************************* -->
	<item>autre vue<tag>out.action.action="viewmode";out.action.value="Liste";</tag></item>
 	<item>dossier précédent<tag>out.action.action="ExecuteAction";out.action.value="ParentDir"</tag></item> 
	<item>affiche le lecteur <tag>out.action.action="ShowOSD";</tag></item>
	<item>OSD<tag>out.action.action="ExecuteAction";out.action.value="osd";</tag></item>
	<item>cache le lecteur <tag>out.action.action="ShowOSD";</tag></item>
	<item>fermer<tag>out.action.action="ExecuteAction";out.action.value="close";</tag></item>
	<item>épisode suivant<tag>out.action.action="ExecuteAction";out.action.value="nextscene";</tag></item>
	<item>introspect<tag>out.action.action="introspect";</tag></item>
	</one-of>
	<tag>out.action._attributes.uri="http://127.0.0.1:8080/sarah/xbmc";</tag>
</rule>  
  
<rule id="lazyruleXBMC_sendText" scope="public">
	<example>écrit ACDC dans la fenêtre</example>
	<tag>out.action=new Object();</tag>
	<item>écris dans la fenêtre:</item><ruleref special="GARBAGE" /><item> <tag>out.action.action="sendText";out.action.xbmc="video";out._attributes.dictation="true";</tag></item>
</rule>

</grammar>
