<grammar version="1.0" xml:lang="fr-FR" mode="voice" root="ruleLAZYXBMC_temp" xmlns="http://www.w3.org/2001/06/grammar" tag-format="semantics/1.0">
<rule id="ruleLAZYXBMC_temp" scope="public">
<tag>out.action=new Object(); </tag>
<tag>out.action.xbmc="video" </tag>
<one-of>
<item>Explorer YouTube<tag>out.action.action="chercheitem";out.action.parameters=encodeURIComponent("Explorer YouTube");</tag></item>
<item>Rechercher<tag>out.action.action="chercheitem";out.action.parameters=encodeURIComponent("Rechercher");</tag></item>
<item>Connexion…<tag>out.action.action="chercheitem";out.action.parameters=encodeURIComponent("Connexion…");</tag></item>
</one-of>
<tag>out.action._attributes.uri="http://127.0.0.1:8080/sarah/xbmc";</tag>
</rule>
</grammar>
