﻿<grammar version="1.0" xml:lang="fr-FR" mode="voice" root="ruleXBMC" xmlns="http://www.w3.org/2001/06/grammar" tag-format="semantics/1.0">

	<rule id="ruleXBMC" scope="public">
		<tag>out.action=new Object(); </tag>
		<item >Sarah</item>
		
		<one-of>
			<item><ruleref uri="#ruleXBMC_playlist"/><tag>out.action = rules.ruleXBMC_playlist;</tag><tag>out.action._attributes.tts = "Je m'en occupe"</tag><tag>out.action._attributes.uri="http://127.0.0.1:8080/sarah/xbmc";</tag></item>
			<item><ruleref uri="#ruleXBMC_search"/><tag>out.action = rules.ruleXBMC_search;</tag><tag>out.action._attributes.tts = "Je m'en occupe"</tag><tag>out.action._attributes.uri="http://127.0.0.1:8080/sarah/xbmc";</tag></item>
			<item><ruleref uri="#ruleXBMC_Artist"/><tag>out.action = rules.ruleXBMC_Artist;</tag><tag>out.action._attributes.tts = "Je m'en occupe"</tag><tag>out.action._attributes.uri="http://127.0.0.1:8080/sarah/xbmc";</tag></item>
			<item><ruleref uri="#ruleXBMC_Telecommande"/><tag>out.action = rules.ruleXBMC_Telecommande</tag><tag>out.action._attributes.tts = "Je m'en occupe"</tag><tag>out.action._attributes.uri="http://127.0.0.1:8080/sarah/xbmc";</tag></item>
			<item><ruleref uri="#ruleXBMC_Serie"/><tag>out.action = rules.ruleXBMC_Serie;</tag><tag>out.action._attributes.tts = "Je m'en occupe"</tag><tag>out.action._attributes.uri="http://127.0.0.1:8080/sarah/xbmc";</tag></item>
			<item><ruleref uri="#ruleXBMC_Radio"/><tag>out.action = rules.ruleXBMC_Radio;</tag><tag>out.action._attributes.tts = "Je mets la radio"</tag><tag>out.action._attributes.uri="http://127.0.0.1:8080/sarah/xbmc";</tag></item>
			<item>active le mode xbmc<tag>out.action._attributes.context = "lazyxbmc.xml,xbmc_temp.xml"</tag><tag>out.action._attributes.tts = "Mode XBMC activé. Que veux tu ?"</tag></item>
		</one-of>
	</rule>  
  
	<rule id="ruleXBMC_Telecommande" scope="public">
		<example>SARAH musique suivante</example>
		<tag>out.action=new Object(); </tag>
		<one-of>
			<item>musique suivante<tag>out.action.action="next"</tag><tag>out.action.xbmc="music" </tag></item>
			<item>musique précédente<tag>out.action.action="prev"</tag><tag>out.action.xbmc="music" </tag></item>
			<item>met en pause la musique<tag>out.action.action="play"</tag><tag>out.action.xbmc="music" </tag></item>
			<item>musique en pause<tag>out.action.action="play"</tag><tag>out.action.xbmc="music" </tag></item>
			<item>met la musique sur pause<tag>out.action.action="play"</tag><tag>out.action.xbmc="music" </tag></item>
			<item>reprends la musique<tag>out.action.action="play"</tag><tag>out.action.xbmc="music" </tag></item>
			<item>met en pause la série<tag>out.action.action="playvideo"</tag><tag>out.action.xbmc="video" </tag></item>
			<item>remet la série<tag>out.action.action="playvideo"</tag><tag>out.action.xbmc="video" </tag></item>
			<item>c'est quoi cette musique<tag>out.action.action="whatIsPlaying"</tag><tag>out.action.xbmc="music" </tag></item>
			<item>c'est quoi cette vidéo<tag>out.action.action="whatIsPlaying"</tag><tag>out.action.xbmc="video" </tag></item>

		</one-of>
	</rule>  
  
	<rule id="ruleXBMC_Radio" scope="public">
		<example>SARAH je veux écouter la radio Fréquence 3</example>
		<tag>out.action=new Object();</tag>
		<tag>out.action.xbmc="music";</tag>
		<one-of>
			<item>je veux écouter la radio <tag>out.action.action="radio";</tag></item>
		</one-of>
		<one-of>
		  <!-- l'ID de la radio peut être trouvé en tapant "http://radio.fr/info/index/searchembeddedbroadcast?start=0&rows=10&q=Nom Radio" dans un navigateur -->
			<item>RTL2<tag>out.action.radioid="5170"</tag></item>
			<item>Virgin Radio<tag>out.action.radioid="8275"</tag></item>
			<item>Fun Radio<tag>out.action.radioid="4368"</tag></item>
			<item>RFM<tag>out.action.radioid="2993"</tag></item>
			<item>Europe 1<tag>out.action.radioid="2865"</tag></item>
			<item>ère Thé eLle<tag>out.action.radioid="5168"</tag></item>
			<item>éNeRgie<tag>out.action.radioid="8280"</tag></item>
			<item>RMC Info<tag>out.action.radioid="1935"</tag></item>
			<item>France Inter<tag>out.action.radioid="2843"</tag></item>
			<item>France Info<tag>out.action.radioid="4232"</tag></item>
			<item>FIP<tag>out.action.radioid="4234"</tag></item>
			<item>Chérie FM<tag>out.action.radioid="8315"</tag></item>
			<item>BFM<tag>out.action.radioid="1441"</tag></item>
			<item>Skyrock<tag>out.action.radioid="8302"</tag></item>
			<item>F G<tag>out.action.radioid="1577"</tag></item>
			<item>Radio Classique<tag>out.action.radioid="1838"</tag></item>
			<item>MFM<tag>out.action.radioid="1738"</tag></item>
			<item>Beur FM<tag>out.action.radioid="4403"</tag></item>
			<item>OUI FM<tag>out.action.radioid="4477"</tag></item>
			<item>ADO FM<tag>out.action.radioid="4394"</tag></item>
			<item>France Culture<tag>out.action.radioid="4233"</tag></item>
			<item>Alouette<tag>out.action.radioid="1416"</tag></item>
			<item>HOT MIX RADIO<tag>out.action.radioid="1632"</tag></item>
			<item>Couleur 3<tag>out.action.radioid="1489"</tag></item>
			<item>NRJ Hits<tag>out.action.radioid="12372"</tag></item>
			<item>éRe Thé eSse<tag>out.action.radioid="3123"</tag></item>
			<item>Fréquence 3<tag>out.action.radioid="1588"</tag></item>
			<item>Pulsse Radio<tag>out.action.radioid="1813"</tag></item>
		</one-of>
  </rule>  
  
	<rule id="ruleXBMC_playlist" scope="public">
		<example>SARAH joue de la musique Rock</example>
		<tag>out.action=new Object(); </tag>
		<tag>out.action.xbmc="music" </tag>
		<one-of>
			<item>met de la musique <tag>out.action.action="playlist"; </tag></item>
			<item>joue de la musique <tag>out.action.action="playlist"; </tag></item>
		</one-of>
		<one-of>
			<!-- Personalisation Genre ¤PERSOgenre¤ -->
			<!-- ¤PERSOgenre¤ FIN Personalisation Genre -->
			<!-- Automatic Generation Genre ¤IMPORTgenre¤ -->
            <item>GENRE NON DEFINI<tag>out.action._attributes.tts ="Aucune importation XML effectuée"</tag></item>
            <!-- ¤IMPORTgenre¤ Automatic Generation Genre -->
		</one-of>
	</rule>

	<rule id="ruleXBMC_Artist" scope="public">
		<example>SARAH je veux écouter ACDC</example>
		<tag>out.action=new Object();</tag>
		<tag>out.action.xbmc="music" </tag>
		<item>je veux écouter<tag>out.action.action="artist";</tag></item>
		<one-of>
			<!-- Personalisation Artiste ¤PERSOartiste¤ -->
            <!-- ¤PERSOartiste¤ Fin de Personalisation Artiste -->
			<!-- Automatic Generation Artist ¤IMPORTartiste¤ -->
            <item>ARTIST NON DEFINI<tag>out.action._attributes.tts ="Aucune importation XML effectuée"</tag></item>
            <!-- ¤IMPORTartiste¤ END Automatic Generation Artist -->
		</one-of>
	</rule>
  
	<rule id="ruleXBMC_search" scope="public">
		<example>SARAH recherche * dans les musiques</example>
		<tag>out.action=new Object();</tag>
		<tag>out.action.xbmc="music" </tag>
		<tag>out.action.action="playlist";</tag>
		<item>recherche</item><ruleref special="GARBAGE" /><item>dans les  musiques</item>
		<tag>out._attributes.dictation="true";</tag> 
	</rule>

	<rule id="ruleXBMC_Serie" scope="public">
		<example>SARAH met le prochain épisode des simpsons</example>
		<tag>out.action=new Object();</tag>
		<tag>out.action.xbmc="video" </tag>
		<item>met le prochain épisode de<tag>out.action.action="tvshowtitle";</tag></item>
		<one-of>
			<!-- Personalisation Série ¤PERSOseries¤ -->
			<!-- ¤PERSOseries¤ Fin de personalisation Série -->
 			<!-- Automatic Generation Serie ¤IMPORTseries¤ -->
            <item>SERIE NON DEFINI<tag>out.action._attributes.tts ="Aucune importation XML effectuée"</tag></item>
            <!-- ¤IMPORTseries¤ Automatic Generation Serie -->
		</one-of>
	</rule>
</grammar>
 